name,email,amount,date,category,active,quantity,rating
Jessica Hills,jonathon.marquardt@wilkinson.biz,349.87,2025-02-08T11:38:52+05:30,health,true,24,4.6
Lizzie Stephens,gail.bergstrom@bayer.net,821.28,2026-02-04T11:38:52+05:30,furniture,true,68,1.6
Brock Howard,reagan-powell@walton.name,646.53,2026-01-21T11:38:52+05:30,food,true,36,0.5
Dariana Baker,bufordhawkins@herzog.org,454.44,2026-05-13T11:38:52+05:30,sports,true,62,0.3
Dock Marquardt,finnperry@valencia.org,286.79,2025-09-08T11:38:52+05:30,food,true,16,1.1
Eugene Wyatt,jaymezimmerman3@lane.com,339.74,2026-03-18T11:38:52+05:30,toys,false,8,3.6
Maxine Morales,dcarr@newton.net,771.60,2024-08-01T11:38:52+05:30,books,true,95,3.3
Beatrice Sims,gmclaughlin@foster.net,379.78,2025-06-22T11:38:52+05:30,food,true,92,2.3
Shane Matthews,denamayer@lambert.io,554.01,2024-08-25T11:38:52+05:30,books,true,5,2.9
Claud Oliver,bmclaughlin@dixon.info,330.15,2024-12-21T11:38:52+05:30,sports,true,29,1.7
Anjali Ritchie,oscar.barnes@gleason.info,999.87,2026-04-25T11:38:52+05:30,electronics,true,81,0.5
Milton Hammond,robbpayne@rose.com,63.03,2025-05-28T11:38:52+05:30,books,true,24,1.4
Jadon Boyle,mhunter@abernathy.info,258.54,2024-08-13T11:38:52+05:30,sports,false,84,3.9
Miles Hills,giovanni-bartell@mccarthy.name,666.31,2026-06-16T11:38:52+05:30,toys,true,52,4.1
Brice Zamora,kennethhiggins@robertson.com,376.02,2025-01-30T11:38:52+05:30,health,true,29,0.6
Violet Carroll,kyra-sharp@goldner.io,708.62,2026-06-16T11:38:52+05:30,toys,true,28,1.9
Darlene Wolfe,abbey.roberts@walsh.info,864.19,2024-08-26T11:38:52+05:30,garden,true,78,4.4
Cayla Bradley,kim.jordan@robinson.net,377.13,2025-12-08T11:38:52+05:30,food,true,49,3.4
Alana Roberts,bradleyflores@joseph.name,777.54,2025-05-09T11:38:52+05:30,furniture,true,59,3.0
Alexandra Shields,cwalter@lawson.io,426.14,2025-01-05T11:38:52+05:30,toys,true,63,2.4
Bernie Wiley,felicitywilliams@baker.io,231.55,2025-08-27T11:38:52+05:30,garden,true,52,2.9
Otis Fletcher,fanniewyman@jordan.name,807.62,2026-05-22T11:38:52+05:30,toys,true,77,3.4
Marianne Patel,acormier@ellis.info,143.06,2024-11-16T11:38:52+05:30,food,true,24,4.4
Alysa Burns,kody.webb@collins.org,451.12,2025-03-16T11:38:52+05:30,electronics,true,17,4.4
Adriana Rose,fwalters@foster.info,896.05,2026-04-08T11:38:52+05:30,health,true,14,2.0
Kyle Watts,kgordon@yates.name,210.59,2025-10-21T11:38:52+05:30,health,true,66,2.0
Sabrina Thornton,leilanilindgren@morrison.name,345.20,2025-03-11T11:38:52+05:30,health,true,70,4.4
Millie Grant,grose@heller.net,544.37,2025-02-23T11:38:52+05:30,food,true,33,1.8
Royce Lamb,karen.gordon@wright.info,993.01,2025-09-26T11:38:52+05:30,books,true,24,3.1
Frederic Sanchez,lewis.ryan@rogers.com,308.38,2025-03-21T11:38:52+05:30,sports,true,81,1.0
Brycen Foster,tom.campbell@bernhard.com,429.83,2025-09-28T11:38:52+05:30,toys,true,2,3.8
Jo Cooper,ctran@satterfield.info,806.00,2025-07-30T11:38:52+05:30,automotive,true,25,2.3
Ellis Tucker,connie.lyons@reese.info,816.55,2025-11-05T11:38:52+05:30,health,true,96,2.5
Jan Castillo,chayahansen@gibson.net,553.02,2024-06-28T11:38:52+05:30,books,false,85,0.8
Maurice Villarreal,glendawebb11@west.com,348.28,2025-07-23T11:38:52+05:30,sports,true,35,1.8
Cristina Russell,aleccarter@sanchez.org,742.48,2024-07-03T11:38:52+05:30,furniture,true,89,1.2
Madie Yang,cara_nicolas@higgins.net,309.58,2025-06-23T11:38:52+05:30,health,false,54,0.6
Kiley Harrington,agustinshields@jimenez.com,358.28,2025-07-22T11:38:52+05:30,food,false,83,4.6
Arnoldo Cummings,kgerhold@hanson.org,895.17,2025-10-23T11:38:52+05:30,books,true,95,3.4
Hollis Yost,bessie-martin@ford.io,803.40,2024-07-18T11:38:52+05:30,sports,true,97,3.4
Silas Ross,athomas@gill.com,144.77,2024-09-13T11:38:52+05:30,clothing,true,47,0.2
Kasey Davidson,dellherrera@pierce.name,738.48,2024-09-25T11:38:52+05:30,food,true,60,1.1
Harley Rosenbaum,micahwells@nguyen.info,737.74,2025-09-28T11:38:52+05:30,clothing,false,45,3.7
Jaydon Blake,janie.sullivan@watkins.biz,422.54,2025-08-09T11:38:52+05:30,toys,true,37,2.5
Joana Vaughn,gloria.baker@washington.name,110.29,2026-01-08T11:38:52+05:30,sports,true,37,3.6
Kane Ingram,abryant@ramsey.net,506.53,2025-01-08T11:38:52+05:30,health,false,29,2.6
Albin Reyes,maxwellbell@harrison.info,396.78,2024-11-30T11:38:52+05:30,electronics,true,40,2.9
Lawrence Gottlieb,rachelle_norman@walker.org,628.74,2025-11-03T11:38:52+05:30,toys,true,36,2.1
Buck Holt,dereckwang@reese.com,15.05,2026-05-14T11:38:52+05:30,sports,true,68,4.3
Jimmie Wyman,kameron_bryant@romero.org,10.06,2025-12-01T11:38:52+05:30,health,true,97,1.5
Isabella Richardson,brendenm@larkin.name,166.20,2026-05-02T11:38:52+05:30,garden,true,65,4.7
Gillian Thompson,carmelo.washington@morales.biz,785.52,2025-04-02T11:38:52+05:30,garden,false,61,4.0
Bessie Young,vince.singleton@klein.info,654.17,2025-05-13T11:38:52+05:30,garden,true,26,2.1
Flo Schwartz,kingholmes@jensen.com,61.13,2025-11-19T11:38:52+05:30,electronics,true,31,2.8
Ayden Peters,dsharp@powers.info,816.56,2025-10-29T11:38:52+05:30,toys,true,42,1.7
Adriel Richardson,josue.stone@simmons.info,911.92,2024-12-06T11:38:52+05:30,furniture,true,44,3.3
Carlo Daugherty,ewright@powell.net,48.64,2026-02-07T11:38:52+05:30,garden,true,62,0.9
Garry Weber,not-an-email,738.56,2025-12-08T11:38:52+05:30,health,true,73,2.7
Nora Manning,jesuswiggins@weaver.name,300.12,2024-11-03T11:38:52+05:30,automotive,true,7,4.5
Christa Higgins,genesis-byrd@carpenter.io,210.60,2025-01-20T11:38:52+05:30,toys,true,83,0.7
Adeline Elliott,calitownsend@moreno.biz,108.65,2024-10-04T11:38:52+05:30,clothing,true,7,3.1
Kelly Scott,aniyahj@lind.biz,914.18,2024-09-01T11:38:52+05:30,furniture,true,25,1.0
Buster Shelton,devon-robinson@maldonado.biz,88.70,2025-03-12T11:38:52+05:30,food,true,97,4.1
Kiara Ball,anibalkling@elliott.name,884.65,2024-10-03T11:38:52+05:30,books,true,74,3.5
Dereck Kuhn,karianewest85@brooks.net,161.51,2025-04-29T11:38:52+05:30,books,true,16,0.5
Amaya Richards,kierav54@chen.org,404.66,2024-07-12T11:38:52+05:30,electronics,true,77,0.1
Billy Turner,americo.flores@ramsey.info,910.37,2025-04-29T11:38:52+05:30,,true,56,1.0
Cyrus Wright,graham.gibson@lind.net,599.35,2025-06-30T11:38:52+05:30,health,true,39,4.6
Marty Sandoval,karianereed@morales.net,113.74,2025-08-21T11:38:52+05:30,books,true,30,0.8
Gayle Tucker,anderson_phillips@nolan.info,448.98,2025-11-17T11:38:52+05:30,health,true,58,0.3
Lonny Garza,shanna.newton@silva.com,277.28,2025-10-09T11:38:52+05:30,automotive,true,88,3.8
Kathryn Chen,kadegrady@nolan.info,810.63,2025-06-09T11:38:52+05:30,garden,false,34,3.5
Tomas Solomon,consuelo_patterson86@raynor.io,666.58,2025-02-16T11:38:52+05:30,furniture,true,77,4.8
Dillon Ingram,hayleymalone@west.org,789.29,2025-01-24T11:38:52+05:30,toys,true,86,4.4
Enid Lindgren,alaynagarcia@murray.info,621.14,2025-02-21T11:38:52+05:30,books,true,42,2.4
Coby Wells,elvis.carr@marsh.org,441.54,2025-09-11T11:38:52+05:30,garden,true,63,4.5
Esmeralda Newton,not-an-email,975.76,2026-06-13T11:38:52+05:30,food,true,46,3.8
Carlo Farrell,blawson@cole.net,195.56,2026-01-13T11:38:52+05:30,automotive,true,81,1.7
Layla Maldonado,dcastillo@hale.org,152.94,2024-11-08T11:38:52+05:30,books,true,86,2.5
Nicholas Larkin,madison.christiansen@ashley.io,763.38,2026-04-29T11:38:52+05:30,automotive,false,6,4.0
Jessie Harrington,chadrickwise@fox.org,64.43,2024-10-26T11:38:52+05:30,electronics,true,70,1.2
Buddy Webb,julie.higgins@white.io,989.47,2026-01-05T11:38:52+05:30,health,false,71,1.1
Kariane Sharp,dariana.craig@barker.name,699.94,2025-01-21T11:38:52+05:30,sports,true,81,0.9
Ansley Higgins,criley@howard.org,136.01,2024-11-02T11:38:52+05:30,garden,true,54,0.4
Audie May,haroldrath@boyer.org,933.17,2025-09-27T11:38:52+05:30,clothing,true,97,2.6
Dorothea Oliver,reggie-kuhn@hoffman.info,692.80,2025-09-27T11:38:52+05:30,garden,true,65,1.2
Jonas Woods,ines_sims@joseph.net,124.96,2025-04-02T11:38:52+05:30,toys,true,56,0.6
Jameson Ashley,araceli.connelly@washington.org,765.25,2024-12-11T11:38:52+05:30,health,true,48,3.7
Lilian Silva,mohamed-flatley@schneider.name,16.25,2024-08-12T11:38:52+05:30,health,true,66,2.2
Dwight Gerlach,george.thiel@burton.name,690.47,2025-04-09T11:38:52+05:30,food,true,86,4.9
Sadie Purdy,patrickfriesen@cruz.name,202.79,not-a-date,toys,true,14,2.2
Lisa Jensen,alialove@sharp.biz,722.71,2026-04-13T11:38:52+05:30,health,true,38,4.0
Krista Russell,olga.garrett@purdy.org,26.01,2025-06-01T11:38:52+05:30,garden,true,21,3.5
Fabian Watkins,lwagner@moore.biz,673.35,2025-02-24T11:38:52+05:30,food,true,55,2.5
Brenden Peters,rileyy@monahan.com,814.72,2025-05-04T11:38:52+05:30,food,true,5,4.6
Juanita Shelton,diamondashley@harris.name,171.66,2025-09-04T11:38:52+05:30,electronics,true,53,1.9
Allene Warren,christa-reid84@shields.net,39.92,2025-05-14T11:38:52+05:30,books,true,36,4.6
Nolan Vargas,francesco.johnson@hackett.name,610.90,2026-02-07T11:38:52+05:30,health,true,79,3.6
Jimmy Collins,ardithhughes@clay.info,894.80,2025-03-18T11:38:52+05:30,furniture,true,28,5.0
Kyla Brown,bustergomez76@boyle.biz,885.57,2026-01-13T11:38:52+05:30,furniture,true,79,2.0
Dane Hoffman,donnichols@cole.com,230.81,2024-11-15T11:38:52+05:30,furniture,true,45,4.9
Josephine Gonzalez,armando.watson@murray.org,483.66,2024-07-11T11:38:52+05:30,sports,true,49,4.5
Nasir Walters,ellaevans@vasquez.net,525.12,2025-07-25T11:38:52+05:30,sports,true,97,3.0
Laurie Riley,kailee.doyle@powers.info,462.46,2026-03-01T11:38:52+05:30,toys,true,7,1.8
Aubrey Hackett,crawfordlawrence@conroy.com,458.21,2025-07-06T11:38:52+05:30,sports,true,3,4.7
Chyna Phillips,fay.craig@kim.io,699.37,2026-03-29T11:38:52+05:30,,true,99,1.1
Roxane Quinn,claudie_ford@foster.info,713.46,2026-03-14T11:38:52+05:30,books,true,71,0.5
Savannah Warren,josue.walsh@quigley.name,708.92,2026-05-12T11:38:52+05:30,sports,true,27,3.3
Fletcher Holt,cynthia.singleton@hawkins.biz,53.15,2024-10-07T11:38:52+05:30,sports,true,74,2.3
Lexi Monahan,cara.byrd@owen.info,12.99,2024-11-28T11:38:52+05:30,garden,true,26,0.7
Loren Burns,jacklynatkins@silva.com,823.91,2025-10-10T11:38:52+05:30,food,true,77,3.0
Harmon Cole,alia.grimes@olson.net,631.87,2025-11-27T11:38:52+05:30,sports,true,59,5.0
Chaya Casper,nehawelch@george.io,21.58,2024-08-11T11:38:52+05:30,automotive,true,29,0.8
Dexter Gerhold,margot_mann@garcia.biz,315.79,2025-08-24T11:38:52+05:30,sports,false,4,2.2
Mack Chapman,harmon-mcdermott@torres.name,654.63,2025-10-05T11:38:52+05:30,food,true,50,1.0
Kip Adams,gwilson@stewart.name,234.36,2024-10-12T11:38:52+05:30,automotive,true,98,4.4
Jean Gordon,aronmitchell@freeman.io,53.51,2025-10-02T11:38:52+05:30,electronics,false,68,0.2
Bo Barnett,dianna.white@lucas.io,106.09,2025-04-19T11:38:52+05:30,food,true,69,4.6
Micaela Rath,madisynthompson@jacobi.net,384.21,2025-04-16T11:38:52+05:30,sports,true,84,3.6
Miguel Wyatt,not-an-email,296.89,2024-11-07T11:38:52+05:30,health,true,82,2.5
Henri Braun,alblake@wilcox.net,131.16,2026-05-01T11:38:52+05:30,electronics,true,57,3.6
Dolores Keller,cpaul@rowe.name,577.66,2026-05-29T11:38:52+05:30,electronics,true,50,1.7
Clay Watts,jaquelinewebb@norman.info,190.54,2025-01-06T11:38:52+05:30,food,true,74,0.8
Derrick Gonzalez,kari.keller@garcia.com,194.88,2025-02-20T11:38:52+05:30,clothing,true,62,1.7
Nasir Fox,not-an-email,790.10,2024-11-05T11:38:52+05:30,toys,true,53,0.5
Daren Sharp,not-an-email,322.67,2024-08-07T11:38:52+05:30,books,true,29,0.7
,edataylor@simpson.io,343.21,2025-01-14T11:38:52+05:30,toys,false,48,0.6
Gustave Goldner,hollisdickinson@garrett.com,280.05,2025-10-17T11:38:52+05:30,furniture,true,72,2.8
Emmet Torres,alenagislason@harris.org,91.14,2026-02-05T11:38:52+05:30,automotive,true,49,0.1
Charlotte Sharp,gustave-barber@elliott.name,960.32,2024-12-08T11:38:52+05:30,toys,true,8,3.5
Levi Hall,ruby_sims@allen.info,462.26,2024-09-14T11:38:52+05:30,garden,true,15,0.6
Kelly Yates,cdietrich@wilson.com,515.39,2024-06-21T11:38:52+05:30,health,true,11,3.7
Juliana Oliver,haileefeeney@cormier.biz,127.21,2025-10-06T11:38:52+05:30,health,true,58,4.6
Shaun Velazquez,clovisjenkins@martin.org,165.29,2024-10-27T11:38:52+05:30,toys,true,8,2.2
Marty Garrison,sam-grimes@vaughn.net,761.90,2025-02-09T11:38:52+05:30,electronics,false,43,4.7
Clifton Wheeler,rowan.elliott@washington.info,520.67,2026-04-20T11:38:52+05:30,food,true,19,4.0
Ansel Bradley,willaf71@hughes.io,876.99,2024-11-27T11:38:52+05:30,books,false,16,3.2
Kaylee Sandoval,taylor.haley@cartwright.net,331.11,2026-05-28T11:38:52+05:30,clothing,true,82,0.8
Kelvin Kennedy,alysha.clayton76@marshall.com,734.26,2025-11-27T11:38:52+05:30,automotive,true,29,1.3
Lew Jacobs,jade.hart@abernathy.io,139.64,2024-09-07T11:38:52+05:30,food,true,65,0.7
Brock Wolfe,neal.jacobi@wyatt.biz,282.53,2025-02-19T11:38:52+05:30,books,true,1,0.8
Bell Warren,violet.hart@fernandez.info,498.73,2024-12-09T11:38:52+05:30,clothing,false,84,1.9
Steve Schaefer,marley.hart@vasquez.name,859.74,2026-04-28T11:38:52+05:30,health,true,14,0.7
Carmela Lewis,adakoch57@towne.info,482.57,2024-08-15T11:38:52+05:30,health,true,27,1.6
Laney Powell,brando_hoffman@douglas.biz,243.16,2026-03-17T11:38:52+05:30,automotive,false,34,2.9
Esteban Robertson,phoebelowe@herman.io,185.38,2026-01-03T11:38:52+05:30,garden,true,74,1.2
Jaqueline Nicolas,courtney.moore@jacobi.biz,67.40,2025-01-22T11:38:52+05:30,books,true,31,1.4
Claude Wu,breannasaunders6@singh.biz,937.46,2026-03-28T11:38:52+05:30,sports,true,40,2.1
Ernest Manning,karimontgomery@spencer.net,512.05,2024-09-14T11:38:52+05:30,furniture,false,59,4.0
Annie Morgan,doviep@higgins.io,567.04,2025-09-28T11:38:52+05:30,garden,true,54,4.0
Christopher Stark,mohammedgeorge@vaughn.info,828.66,2025-05-11T11:38:52+05:30,automotive,true,3,3.1
Hazel Lane,williammann@brown.org,76.83,2025-05-25T11:38:52+05:30,sports,true,95,0.4
Halle Holland,tony_ortega@ramos.io,211.27,2025-03-15T11:38:52+05:30,electronics,true,16,0.1
Arely Snyder,kris_henderson@conroy.com,94.88,2026-01-28T11:38:52+05:30,electronics,true,12,0.7
Monica Williams,eduardotran@berry.net,788.33,2026-03-23T11:38:52+05:30,clothing,true,98,3.0
Jerald Solomon,alyciah@schmitt.name,697.31,2025-08-08T11:38:52+05:30,clothing,true,72,3.1
Angela King,katelynnabbott@marks.io,291.24,2026-05-01T11:38:52+05:30,toys,true,34,1.5
Alysson Ray,petewood@mills.io,744.75,2026-01-23T11:38:52+05:30,food,true,23,4.2
Crystel Fletcher,horace.cronin@powers.name,299.51,2026-04-15T11:38:52+05:30,garden,true,83,1.0
Gerald Lawrence,aliza.christiansen@owen.info,242.74,2025-01-07T11:38:52+05:30,clothing,true,78,2.7
Lupe Stanley,hunternorman@daniels.biz,83.03,2025-04-18T11:38:52+05:30,toys,true,90,2.6
Sienna Simpson,aylawebster@singleton.io,717.40,2024-09-05T11:38:52+05:30,clothing,true,86,1.7
Isabell Harrison,jonasmalone@bird.name,466.90,2026-03-09T11:38:52+05:30,furniture,false,97,2.8
Adrian Garrett,roxanne.black@barnett.io,700.06,2024-08-26T11:38:52+05:30,automotive,true,50,0.6
Adan Tyler,ariane.hill@yang.name,190.96,2025-07-06T11:38:52+05:30,toys,true,83,3.3
Brittany Gleason,maevewalsh@morrison.org,444.83,2024-09-28T11:38:52+05:30,sports,true,97,4.9
Carlo Boyle,jovan.wyatt@lane.name,301.65,2025-09-22T11:38:52+05:30,garden,true,83,2.7
Diamond Coleman,kari.ramirez@gleason.com,220.95,2025-06-08T11:38:52+05:30,health,true,12,0.5
Quincy Carr,maci.stone@wood.biz,457.99,2026-01-19T11:38:52+05:30,toys,true,19,4.2
Jada Deckow,antoniobailey@tyler.org,480.56,2026-02-07T11:38:52+05:30,electronics,false,68,3.0
Eden Webb,shirley.donnelly@matthews.biz,934.12,2025-05-04T11:38:52+05:30,health,true,39,1.2
Arthur Johnston,florence.summers@navarro.biz,274.60,2026-05-26T11:38:52+05:30,electronics,true,71,2.3
Austen Cruz,linanguyen@leffler.biz,866.07,2025-11-09T11:38:52+05:30,,true,15,1.2
Dean Reed,phills@austin.net,21.29,2025-09-12T11:38:52+05:30,automotive,true,73,0.1
Agustina Turner,joy.nicolas@yost.net,198.61,2025-09-27T11:38:52+05:30,clothing,true,67,1.5
Glen Saunders,jerome.fleming@snyder.name,978.45,2025-07-04T11:38:52+05:30,toys,false,35,2.9
Leon Richards,jadamurphy@wiggins.biz,402.55,2024-07-28T11:38:52+05:30,food,true,28,3.5
Conor Jacobson,jimmie_romero@towne.info,115.15,2025-07-23T11:38:52+05:30,clothing,true,3,3.9
Jordan Young,dorian_barnes@hills.info,719.33,2025-04-30T11:38:52+05:30,clothing,true,91,4.6
Jordyn Mcdonald,jacquelynfarrell@white.biz,663.59,2025-10-01T11:38:52+05:30,food,true,35,0.6
Dane Ramirez,doyle-schiller@bartell.com,544.54,2025-01-11T11:38:52+05:30,books,true,15,4.4
Kiera Wiggins,adeline.bartell4@perkins.io,989.00,2025-03-05T11:38:52+05:30,furniture,false,26,3.0
Angelica Rice,lukassharp@robbins.io,448.77,2025-11-30T11:38:52+05:30,food,true,11,4.9
Derrick Schultz,kirksingh@becker.io,177.44,2025-01-01T11:38:52+05:30,books,true,67,2.7
Genesis May,sylviam@clayton.biz,591.82,2026-04-28T11:38:52+05:30,food,true,13,4.1
Garland Patterson,macilee@burns.net,349.62,2025-08-22T11:38:52+05:30,automotive,true,86,1.7
Agustin Bates,janie.shelton@beahan.org,772.58,2025-06-02T11:38:52+05:30,sports,true,22,1.6
Harmony Daniels,roxanne.burns@cronin.name,585.60,2025-09-04T11:38:52+05:30,toys,false,87,4.5
Freeman Lowe,charity.sanders@gardner.org,810.55,2025-06-22T11:38:52+05:30,garden,true,72,3.4
Adrian Jones,carleystokes@boyer.com,221.14,2026-06-01T11:38:52+05:30,clothing,true,51,0.3
Aubrey Hoffman,hclark@braun.info,626.52,2025-09-18T11:38:52+05:30,furniture,false,2,1.0
Cecil Riley,marvinpowell@summers.org,960.67,2026-06-05T11:38:52+05:30,sports,true,13,2.5
Arielle Stevenson,madilynwu@purdy.biz,774.86,2026-06-10T11:38:52+05:30,garden,true,77,2.0
Ashton Terry,allenemitchell@scott.net,519.13,2026-04-15T11:38:52+05:30,books,true,7,0.3
Liam Wolf,sabrinac@powers.com,482.17,2026-03-14T11:38:52+05:30,books,true,5,1.5
Neal Simmons,saraisantos@satterfield.biz,638.88,2024-11-05T11:38:52+05:30,clothing,true,91,1.1
Ezekiel Rose,aedwards@fox.name,102.93,2025-01-01T11:38:52+05:30,clothing,true,71,4.9
Carrie Porter,ralph-santos@hubbard.biz,293.59,2025-02-13T11:38:52+05:30,books,true,68,2.2
Aiden Holland,gwensandoval@allen.net,337.31,2025-02-02T11:38:52+05:30,automotive,true,57,1.4
Kiera Gordon,ecarter@white.org,3.38,2025-10-27T11:38:52+05:30,furniture,true,29,0.3
Victoria Joseph,nathaniel.tran@solomon.name,556.85,2025-12-27T11:38:52+05:30,food,false,16,0.9
Ayana Wang,esmeraldawilcox@burton.name,392.50,2026-05-26T11:38:52+05:30,sports,true,77,3.8
Griffin Byrd,gayle-watkins@howe.org,754.75,2026-03-20T11:38:52+05:30,food,true,76,3.3
Travis Bennett,judehills@marshall.io,604.98,2026-01-13T11:38:52+05:30,books,false,53,1.9
Alene Gomez,ayla-guzman@osinski.net,874.27,2024-07-24T11:38:52+05:30,food,false,82,3.1
Esperanza Norman,lexischmidt@mann.net,68.39,2024-09-14T11:38:52+05:30,health,false,60,1.6
Russell Lawson,beatricesanders@meyer.name,516.91,2025-08-28T11:38:52+05:30,furniture,true,90,2.9
Brenden Richardson,macey.hudson57@walker.info,991.59,2026-01-03T11:38:52+05:30,health,true,40,0.1
Jon Atkins,dale.rivera@gregory.io,223.63,2024-06-27T11:38:52+05:30,books,true,61,1.4
Carmen Crawford,everettdavis@west.biz,289.78,2024-07-04T11:38:52+05:30,electronics,true,71,5.0
Kaitlyn Lin,owenberry@nolan.com,119.22,2025-05-06T11:38:52+05:30,furniture,false,46,3.7
Alvis Jordan,corine.hunter@crawford.biz,713.04,2025-05-21T11:38:52+05:30,health,true,99,1.4
Kobe Goldner,opalcasper@hanson.com,718.87,2025-04-22T11:38:52+05:30,sports,true,47,2.0
Mabel Schaefer,shawngleason@atkins.info,761.68,2025-11-26T11:38:52+05:30,clothing,true,55,2.1
Mario Banks,dahliaray@cruz.info,345.17,2025-08-24T11:38:52+05:30,,true,32,4.5
Cydney Duncan,cruzh@brooks.biz,480.54,2024-07-24T11:38:52+05:30,toys,true,69,5.0
Fletcher Quigley,christopherfriesen@harvey.net,15.75,2025-01-16T11:38:52+05:30,electronics,true,66,3.1
Lester Braun,sebastiandixon@price.org,141.28,2026-03-18T11:38:52+05:30,books,false,35,4.8
Joel McCullough,jeromevelazquez@shelton.info,971.38,2024-10-28T11:38:52+05:30,books,true,27,1.6
Coy Thiel,reid.koch@herzog.name,-55.00,2025-07-16T11:38:52+05:30,clothing,true,73,3.4
Caden Conroy,barrymayer@cartwright.biz,101.14,2026-05-11T11:38:52+05:30,food,true,48,2.2
Angela Valencia,bobbiecruz62@heller.biz,285.52,2025-07-12T11:38:52+05:30,books,true,12,1.6
Donna Wiggins,peter_stone68@lindgren.org,918.18,2026-01-31T11:38:52+05:30,sports,false,11,5.0
Brett Frazier,julian-yost@murray.io,939.21,2024-11-26T11:38:52+05:30,furniture,true,91,4.4
Kiera Tyler,earlene.ramos@wheeler.info,994.32,2025-02-01T11:38:52+05:30,sports,false,32,3.8
Bart Cook,rowannavarro78@conroy.info,235.02,2025-03-30T11:38:52+05:30,food,true,1,2.5
Josefina Watson,bartgreene@hall.net,209.72,2025-03-22T11:38:52+05:30,toys,true,57,0.6
Dax Whitney,barton.koch@spencer.io,180.96,2024-09-20T11:38:52+05:30,health,true,53,5.0
Ava Nguyen,gilesramsey@kim.net,763.79,2024-11-29T11:38:52+05:30,health,true,38,1.7
Chyna Richardson,dinoturner@weaver.org,52.22,2026-04-10T11:38:52+05:30,books,true,22,4.4
Maureen Lawrence,mitchellabshire@gerlach.org,537.72,2024-07-02T11:38:52+05:30,clothing,true,30,2.3
Caden Lowe,alexishernandez@pena.biz,639.83,2024-11-07T11:38:52+05:30,health,true,67,3.9
Savannah Barnes,nora.atkinson@lewis.net,364.96,2024-07-12T11:38:52+05:30,sports,false,60,4.8
Harvey Glenn,gerardschaefer@morris.org,351.82,2026-02-08T11:38:52+05:30,food,true,55,3.1
Ardella Phillips,garland_rose@hawkins.org,87.89,2026-02-07T11:38:52+05:30,health,true,89,0.4
Kara Herman,claudew@gerlach.biz,496.39,2025-11-28T11:38:52+05:30,food,true,84,1.3
Edmund Ritchie,reidsaunders@burton.org,893.06,2025-07-18T11:38:52+05:30,health,true,61,3.5
Brennon Herman,amber.atkinson@kuhn.net,298.97,2026-05-28T11:38:52+05:30,garden,true,74,3.6
Madeline Blake,clarissaleonard@bernhard.biz,372.09,2024-11-24T11:38:52+05:30,clothing,true,100,0.3
Dino Simmons,jweber@osinski.name,121.25,2024-07-27T11:38:52+05:30,garden,true,11,1.2
Judy Hale,hmedina@fuller.com,324.89,2025-05-06T11:38:52+05:30,food,true,32,2.6
Dusty Wolff,pharper@washington.net,216.41,2024-07-07T11:38:52+05:30,sports,true,4,2.3
Jessy Herman,archibald-harper@lynch.net,991.45,2025-06-30T11:38:52+05:30,furniture,true,49,1.4
Frank Hubbard,cora.vasquez@schiller.org,430.76,2025-09-20T11:38:52+05:30,health,false,77,1.5
Bridget Richards,jadon.robertson@howe.org,71.66,2025-09-11T11:38:52+05:30,books,true,88,2.5
Aida Jensen,alena_watts@reid.org,648.14,2026-02-21T11:38:52+05:30,sports,true,36,3.8
Barry Rivera,dane.maxwell@castillo.name,734.54,2024-12-28T11:38:52+05:30,furniture,true,78,0.5
Jake Rutherford,leen@sutton.io,594.90,2025-06-05T11:38:52+05:30,furniture,true,86,1.6
Phoebe Vincent,mglenn@gibbs.org,311.22,2025-01-05T11:38:52+05:30,electronics,true,44,2.2
Samson Mendez,caitlyn.white@smith.com,874.75,2026-02-20T11:38:52+05:30,furniture,false,20,0.4
Phyllis Maxwell,roberta.taylor@howe.net,534.83,2024-08-22T11:38:52+05:30,clothing,false,15,2.3
Ava Mendoza,daijafields@young.info,430.11,2025-12-26T11:38:52+05:30,furniture,true,44,1.8
Dorian Schaefer,jarrod.bell@hamilton.info,770.86,2024-10-21T11:38:52+05:30,health,true,14,0.3
Ophelia Warren,beverly.turner@hale.net,824.29,2026-03-15T11:38:52+05:30,garden,true,13,2.0
Jay Ritchie,chaddaustin@hughes.io,859.81,2024-12-15T11:38:52+05:30,electronics,true,86,4.2
Isabel Lin,not-an-email,493.12,2025-02-14T11:38:52+05:30,furniture,false,38,1.7
Adeline Payne,collincronin90@pena.com,485.47,2025-12-19T11:38:52+05:30,books,false,61,0.2
Allison Rowe,daisymaldonado@yost.biz,21.39,2025-11-01T11:38:52+05:30,toys,true,87,3.7
Mia Mayer,emilio.moreno@banks.org,520.80,2025-07-22T11:38:52+05:30,automotive,true,23,1.9
Madge Norris,angelicanorris@atkinson.biz,230.83,2025-10-09T11:38:52+05:30,food,false,55,1.4
Kyra Barber,daxmurray@reyes.org,849.55,2025-04-05T11:38:52+05:30,toys,true,9,4.6
Isabelle Glenn,athena.ross@graves.com,935.58,2026-04-17T11:38:52+05:30,automotive,false,66,3.2
Concepcion Hart,lianapayne5@carpenter.com,825.63,2026-03-03T11:38:52+05:30,furniture,true,49,1.2
Jeffrey Chen,bbogan@solomon.io,825.95,2025-05-10T11:38:52+05:30,clothing,true,7,2.2
Astrid Manning,gtorres@valdez.net,739.48,2025-05-18T11:38:52+05:30,electronics,false,10,2.7
Aniyah Keller,jerry-atkins4@bogan.org,563.89,2026-02-01T11:38:52+05:30,food,true,63,3.5
Clarissa Ball,logan.lang2@douglas.io,960.06,2024-07-03T11:38:52+05:30,toys,true,90,3.7
Cleora Mendez,brandoncampbell@hall.biz,238.18,2025-11-15T11:38:52+05:30,toys,false,85,4.9
Emmy George,jbradley@west.info,376.18,2025-06-26T11:38:52+05:30,electronics,true,8,4.5
Jaden Beahan,crystalbrooks@lyons.name,559.51,2025-02-24T11:38:52+05:30,garden,true,37,4.5
Annalise Herman,pablo-burns@kelly.net,365.80,2026-04-23T11:38:52+05:30,clothing,true,92,1.3
Evangeline Kim,arvelmckenzie@harris.biz,862.47,2024-11-08T11:38:52+05:30,books,true,62,2.9
Abby Pearson,clifton-gross59@lucas.biz,865.92,2026-05-13T11:38:52+05:30,automotive,true,16,4.6
Hardy Wood,kelly.brooks@reid.io,163.92,2026-06-11T11:38:52+05:30,food,true,62,5.0
Theodore Hartmann,dariussnyder65@jenkins.net,49.22,2025-03-07T11:38:52+05:30,furniture,true,15,1.8
Augustine Cormier,kaiav@zamora.net,760.51,2024-08-12T11:38:52+05:30,books,true,44,3.8
Baron Summers,terencestewart@lin.com,167.57,2025-11-16T11:38:52+05:30,books,true,35,2.0
Brice Leffler,birdie.fields@bogan.com,650.49,2025-02-04T11:38:52+05:30,books,false,20,2.7
George Murphy,melissa.nichols@young.com,158.91,2025-06-08T11:38:52+05:30,health,true,11,3.1
Amos Powell,joanas72@mueller.info,824.69,2024-10-13T11:38:52+05:30,toys,true,11,4.1
Marge Bogan,aflores3@bailey.com,221.10,2025-08-18T11:38:52+05:30,books,false,42,1.4
Madeline Davidson,nathanwelch@mitchell.name,741.25,2026-02-21T11:38:52+05:30,food,true,46,1.9
Coleman Shelton,not-an-email,828.36,2026-03-04T11:38:52+05:30,toys,true,77,4.3
Rosa Solomon,zola.schaefer@castillo.info,457.19,2024-07-25T11:38:52+05:30,automotive,false,83,4.5
Federico Schiller,evaperkins@bates.com,11.90,2025-01-18T11:38:52+05:30,electronics,true,83,3.0
Hunter Williams,brandon.lee@baker.biz,157.93,2026-05-31T11:38:52+05:30,electronics,true,73,2.6
Leilani Holt,alfred_santiago@glenn.net,557.99,2025-09-03T11:38:52+05:30,garden,true,95,2.1
Connor Weaver,reginaldcruz@harris.org,404.30,2024-12-24T11:38:52+05:30,clothing,true,70,1.1
Alf Connelly,cordiethompson@meyer.org,633.88,2025-10-06T11:38:52+05:30,clothing,true,31,4.9
Gerald Vargas,consuelo.clark@elliott.org,576.82,2024-07-13T11:38:52+05:30,clothing,true,23,2.6
Damaris Patterson,lisetteb@flores.name,966.91,2025-09-23T11:38:52+05:30,books,true,65,0.7
Mackenzie Williamson,connor.flatley@young.biz,385.56,2025-01-22T11:38:52+05:30,furniture,true,93,4.1
Cade Murphy,justina_carroll@armstrong.io,176.85,2024-07-06T11:38:52+05:30,health,true,1,3.9
Lloyd Hammond,brad-swift@jimenez.name,849.37,2025-05-19T11:38:52+05:30,books,true,8,3.4
Vincent Moore,grace.wilson@kessler.io,994.36,2024-09-09T11:38:52+05:30,furniture,true,71,1.3
Lawson Newton,lorenzo.leonard2@wong.org,760.46,2026-03-05T11:38:52+05:30,toys,false,23,1.6
Nicole Padilla,marcmalone@abernathy.name,758.49,2026-06-09T11:38:52+05:30,electronics,true,32,2.3
Alia Clayton,celestinemiles@olson.com,275.08,2025-01-21T11:38:52+05:30,garden,true,18,2.2
Ayden Bradley,armandcasper@rose.io,968.90,2024-08-30T11:38:52+05:30,health,true,12,2.3
Karli Valdez,daisyoliver@hernandez.net,53.46,2026-02-09T11:38:52+05:30,books,true,1,2.1
Silas Schaefer,jose.herrera8@larkin.com,426.14,2025-02-24T11:38:52+05:30,automotive,true,16,2.7
Adah Wu,kittyjohnston@gislason.org,391.61,2026-04-29T11:38:52+05:30,garden,true,43,4.4
Jaron Tate,ggibson@washington.biz,557.34,2025-05-31T11:38:52+05:30,health,true,4,4.2
Coleman Hunt,audreyg@hansen.info,245.29,2025-11-05T11:38:52+05:30,food,true,84,1.9
Amiya Fields,cooper.tran@cooper.biz,-372.00,2024-12-30T11:38:52+05:30,health,true,37,4.8
Quinn Knight,cortneygibson@crawford.biz,418.42,2025-10-03T11:38:52+05:30,books,true,70,1.3
Penelope Hawkins,declanbaker@hammond.org,362.19,2026-05-09T11:38:52+05:30,food,true,65,1.7
Darion Keller,kendrafoster@newton.info,628.56,2026-03-16T11:38:52+05:30,health,true,99,1.5
Kattie Thornton,dewaynew8@wells.info,155.19,2025-08-27T11:38:52+05:30,food,true,34,4.3
Kathleen Schiller,kevinsparks@snyder.name,90.95,2025-01-31T11:38:52+05:30,books,true,32,3.9
Blair Singh,braxtonrice@griffin.biz,221.99,2025-09-28T11:38:52+05:30,furniture,true,91,2.5
Heath Bergstrom,marioh@carter.org,666.53,2024-12-16T11:38:52+05:30,health,true,11,4.5
Stanley Thompson,gabriel.bayer7@austin.biz,490.51,2025-07-26T11:38:52+05:30,automotive,false,56,2.9
Eva Daniels,garrison-nichols@mendoza.net,762.29,2025-02-26T11:38:52+05:30,sports,false,89,0.6
Valerie Mayer,janetc@dickinson.org,23.89,2025-12-13T11:38:52+05:30,garden,true,15,4.5
Cleora Garza,flynch@monahan.name,332.15,2024-09-25T11:38:52+05:30,food,false,96,2.3
Ardith Weaver,augustusgordon@lindgren.biz,575.85,2025-11-17T11:38:52+05:30,garden,false,41,2.4
Elias Townsend,emilio.hopkins@greene.biz,241.35,2025-11-27T11:38:52+05:30,sports,true,18,3.9
Allie Diaz,courtney.wallace@keller.name,393.67,2025-10-03T11:38:52+05:30,health,true,11,2.0
Peter Wolff,hattiescott@young.name,626.21,2025-12-04T11:38:52+05:30,health,true,50,3.3
Ken Yost,chynab@williams.com,736.06,2025-12-12T11:38:52+05:30,garden,true,99,2.6
Thomas King,alessandrol@kling.net,310.44,2024-10-08T11:38:52+05:30,food,true,6,2.3
Gabriella Sims,everettgarrett@chapman.biz,365.31,2024-11-27T11:38:52+05:30,garden,false,42,0.7
Gia Perkins,breananewton@kennedy.org,546.92,2025-02-01T11:38:52+05:30,clothing,true,18,0.6
Dahlia Heller,carlottabird@dietrich.biz,179.26,2026-03-28T11:38:52+05:30,automotive,true,50,4.3
Abe Holt,rgraham@kuhn.info,974.11,2025-02-06T11:38:52+05:30,garden,false,17,3.0
Harmon Willis,kyrarichardson@lawson.net,848.11,2024-07-03T11:38:52+05:30,clothing,true,39,2.0
Preston Fuller,leonardw@cartwright.biz,44.62,2025-07-19T11:38:52+05:30,furniture,true,41,4.1
Jabari Maldonado,not-an-email,605.05,2025-01-26T11:38:52+05:30,garden,true,31,0.2
Keanu Edwards,helenep@rodriguez.name,80.93,2026-03-26T11:38:52+05:30,sports,true,96,2.2
Savanna Walsh,ahmed.fisher@morgan.com,799.59,2024-10-14T11:38:52+05:30,health,true,99,1.2
Alexander Ashley,jamisonlewis@ingram.name,248.67,2024-07-14T11:38:52+05:30,sports,false,54,2.7
Philip Duncan,andrew.ramsey47@ferguson.com,152.13,2026-03-06T11:38:52+05:30,garden,true,83,4.4
Jarred Clayton,scarlettmcdermott@mann.org,427.13,2024-08-29T11:38:52+05:30,books,false,64,1.3
Reba Santos,jtaylor@fernandez.info,502.96,2025-07-27T11:38:52+05:30,toys,true,68,2.1
Cyril Palmer,enrique.hunter@wolfe.biz,794.58,2025-06-01T11:38:52+05:30,toys,false,50,1.2
Karine Schiller,aaliyahrichards@wyman.biz,788.53,2024-12-08T11:38:52+05:30,food,true,19,1.5
Clair Wang,daves@considine.org,205.22,2025-05-20T11:38:52+05:30,toys,true,38,1.7
Donald Atkins,hardypayne@shelton.io,311.86,2025-02-26T11:38:52+05:30,health,true,37,1.7
Sonia Sauer,dakota.barnett@webster.org,127.44,2026-05-10T11:38:52+05:30,toys,true,4,3.2
Randall Daniels,lia.nicolas@solomon.org,797.75,2026-02-16T11:38:52+05:30,automotive,true,86,2.8
Kenny Koch,amos_yost2@little.net,771.68,2025-08-19T11:38:52+05:30,sports,true,64,4.8
Leta Ritchie,anjaliyost51@jacobs.biz,801.22,2024-08-04T11:38:52+05:30,health,true,93,1.8
Sharon Hale,caylagottlieb@grady.com,667.90,2025-08-06T11:38:52+05:30,books,true,30,1.0
Jena Sharp,rsnyder@weaver.com,865.16,2026-05-17T11:38:52+05:30,food,true,15,4.0
Keeley McKenzie,scarlett.lawson@bennett.net,56.93,2025-05-31T11:38:52+05:30,health,true,10,1.7
Jairo Ortiz,knicolas@lang.io,255.22,2026-04-19T11:38:52+05:30,toys,true,100,2.4
Kameron Harvey,hthompson@banks.info,13.32,2024-07-04T11:38:52+05:30,toys,true,82,4.9
Abigayle Stevenson,owenm@hunter.org,952.51,2025-01-21T11:38:52+05:30,books,false,84,4.2
Ernie Carr,nathanrichardson@daugherty.org,950.01,2025-04-30T11:38:52+05:30,electronics,true,100,3.1
Daryl Harper,hramsey@satterfield.com,776.55,2025-02-22T11:38:52+05:30,garden,true,70,1.0
Andy Wallace,emilie.nichols@hunter.info,406.10,2024-09-30T11:38:52+05:30,clothing,false,40,4.2
Jay Hermann,ruben_lindgren74@frazier.com,698.10,2024-07-09T11:38:52+05:30,health,true,77,1.8
Lina Hahn,karl-mills@gilbert.com,415.04,2025-03-22T11:38:52+05:30,clothing,false,19,1.0
Joey Hill,elisabethholmes@smith.org,554.85,2025-08-22T11:38:52+05:30,health,true,88,1.8
Brittany Bennett,ecollier@burns.name,581.32,2025-10-21T11:38:52+05:30,electronics,false,41,3.9
Anna Powers,abel.hills@keller.io,35.02,2025-08-18T11:38:52+05:30,furniture,true,71,4.1
,jmay@lambert.org,303.71,2025-04-27T11:38:52+05:30,sports,true,6,0.9
Estelle Graham,ctucker@wright.info,193.09,2025-04-18T11:38:52+05:30,automotive,true,41,2.0
Madelynn Gomez,bmitchell@richardson.com,916.64,2025-09-23T11:38:52+05:30,clothing,true,66,1.5
Janie Hopkins,dwallace@weber.io,339.86,2024-10-12T11:38:52+05:30,electronics,false,99,1.2
Darryl Kim,kwolff@howard.name,821.38,2025-09-28T11:38:52+05:30,garden,false,21,1.8
Manuela Burns,lpena@leonard.com,914.85,2025-03-03T11:38:52+05:30,sports,false,66,3.1
Hailie Wong,raphaelbanks68@tucker.io,842.08,2026-02-04T11:38:52+05:30,toys,true,24,4.1
Charlie Marsh,lillyb48@bird.net,642.63,2025-09-08T11:38:52+05:30,books,false,7,2.9
Valerie Kessler,maemiles@li.com,991.55,2024-10-16T11:38:52+05:30,health,true,76,4.9
Charles Schwartz,axelquigley@hunter.info,928.26,2025-09-03T11:38:52+05:30,garden,true,47,1.7
Alysson Perez,julianagleason@wise.org,239.96,2024-12-08T11:38:52+05:30,food,true,3,0.5
Alessandra Byrd,doug_myers@heller.info,955.53,2024-12-22T11:38:52+05:30,electronics,false,100,0.9
Carlotta Cunningham,rafaeljacobson@schwartz.biz,869.98,2024-08-04T11:38:52+05:30,clothing,true,68,1.7
Chadd Farrell,rgoodwin@jacobson.biz,350.40,2025-12-08T11:38:52+05:30,health,false,50,4.8
Jose Mcdonald,lesters6@hart.org,83.71,2025-03-23T11:38:52+05:30,furniture,true,71,2.0
Carmel Collins,juliusgardner@hackett.net,106.10,2025-02-16T11:38:52+05:30,furniture,true,44,2.2
Anthony Meyer,not-an-email,222.27,2026-03-09T11:38:52+05:30,garden,false,80,1.7
Luther Atkins,jenniespencer@cartwright.com,22.14,2025-10-14T11:38:52+05:30,electronics,true,39,2.4
Aisha Watts,carmellaw@ortega.name,69.85,2025-10-01T11:38:52+05:30,clothing,true,73,2.4
Neil Jackson,ecunningham@carter.name,627.86,2025-08-12T11:38:52+05:30,furniture,true,11,2.3
Lucienne James,cbutler@chapman.name,194.05,2025-12-09T11:38:52+05:30,electronics,true,72,2.4
Althea Gregory,delaneygibbs@elliott.com,970.49,2024-07-06T11:38:52+05:30,clothing,false,12,4.0
Cyril Koch,francislove54@love.com,131.55,2024-11-07T11:38:52+05:30,clothing,false,78,0.2
Willa Soto,lnolan9@ball.biz,714.98,2025-06-13T11:38:52+05:30,health,true,35,3.0
Barrett Cox,amparo.knight@garcia.info,611.96,2025-06-26T11:38:52+05:30,food,true,73,2.0
Adriel Gibson,bstokes@bergstrom.com,589.39,2025-05-04T11:38:52+05:30,clothing,true,4,0.2
Dallin Mendoza,kaitlyn.rowe@frazier.info,616.85,2024-07-18T11:38:52+05:30,sports,true,19,4.9
Jane Robinson,asiarivera@gordon.name,933.09,2025-11-22T11:38:52+05:30,electronics,true,83,3.3
Isabel Santos,kameronsherman@santos.biz,531.74,2025-09-01T11:38:52+05:30,sports,true,94,3.9
Vicente Ingram,not-an-email,675.44,2024-08-15T11:38:52+05:30,books,true,24,0.4
Andre Garcia,dovie.gleason@bates.com,918.83,2025-07-11T11:38:52+05:30,garden,true,70,4.0
Concepcion Cartwright,bertadaniels@ritchie.info,706.98,2025-10-08T11:38:52+05:30,toys,true,72,4.1
Sandy Morrison,jaida.cummings@pena.io,56.22,2026-04-21T11:38:52+05:30,garden,true,56,4.3
Leo Terry,maytyler@watson.net,405.37,2025-02-09T11:38:52+05:30,food,true,52,2.3
Adriel Reid,vaughn.webb@gerlach.info,348.58,2025-12-20T11:38:52+05:30,garden,true,39,2.5
Seth Ritchie,amiyawalsh@douglas.name,123.48,2025-09-21T11:38:52+05:30,electronics,true,66,0.3
Duane Hughes,ruthchristiansen@gibson.io,807.93,2025-07-22T11:38:52+05:30,books,true,33,3.1
Luna Boyle,horace-glenn@olson.org,988.87,2025-02-28T11:38:52+05:30,toys,true,15,3.6
Maxime George,flof@anderson.biz,26.47,2026-05-01T11:38:52+05:30,,false,17,0.4
Roxane Harrison,brandyingram@snyder.net,645.09,2026-03-05T11:38:52+05:30,toys,true,85,3.7
Caleigh Schroeder,chauncey.rice60@li.org,0.94,2026-02-25T11:38:52+05:30,health,true,35,1.2
Charlotte Thornton,adelbertwillis@price.io,-579.00,2026-04-08T11:38:52+05:30,electronics,true,72,1.8
Marion Taylor,amalialind@edwards.com,572.14,2025-05-12T11:38:52+05:30,sports,true,96,0.4
Rafaela Ryan,milton_peters47@mcclure.com,363.19,2024-09-13T11:38:52+05:30,automotive,true,1,0.7
Garfield Vasquez,cathy.terry@hamilton.name,182.16,2024-08-01T11:38:52+05:30,furniture,true,28,0.5
Arvel Young,kameronglover@mason.name,788.19,2025-07-04T11:38:52+05:30,toys,true,98,2.9
Faye Hackett,helenmarquardt@dietrich.net,87.70,2025-08-25T11:38:52+05:30,health,true,45,1.5
Elbert Fisher,athenagardner@watson.org,551.94,2026-04-06T11:38:52+05:30,automotive,false,87,4.7
Johnathon Matthews,janetlewis4@cormier.name,725.26,2026-01-25T11:38:52+05:30,furniture,true,96,2.7
Dalton Johnston,lucy_owen@campbell.info,111.70,2025-02-08T11:38:52+05:30,health,false,45,1.1
Frankie Marshall,codybecker@davies.com,929.82,2024-10-28T11:38:52+05:30,automotive,true,85,3.9
Ben Butler,breynolds@morales.org,126.25,2024-10-24T11:38:52+05:30,,true,47,2.4
Carroll Ashley,adickinson@perry.io,390.98,2025-10-15T11:38:52+05:30,toys,true,34,4.7
Alan Cronin,romanball@tillman.info,22.64,2024-12-31T11:38:52+05:30,furniture,false,77,0.8
Eileen Brekke,david.deckow@villarreal.io,564.87,2025-04-23T11:38:52+05:30,garden,true,7,4.4
Philip Gross,margelyons@herman.info,734.96,2024-10-10T11:38:52+05:30,automotive,true,30,0.1
Bria Johnston,not-an-email,231.07,2024-12-24T11:38:52+05:30,furniture,false,15,3.9
Lydia Lamb,ben.stephens@li.io,218.81,2024-12-06T11:38:52+05:30,furniture,false,19,0.4
Claud Lawson,opalwells@rutherford.org,686.24,2026-05-17T11:38:52+05:30,garden,false,25,3.4
Jarred Harrington,humberto.sauer@cox.net,884.76,2025-04-19T11:38:52+05:30,electronics,true,1,3.0
Damion Holland,hallie.murphy@swift.info,-602.00,2024-07-09T11:38:52+05:30,automotive,true,49,4.2
Blair Lind,ldunn@grimes.io,31.65,2024-11-28T11:38:52+05:30,food,true,99,4.6
Jarred Bernhard,toby-tyler@hills.name,14.18,2026-01-18T11:38:52+05:30,automotive,true,80,0.6
Grace Ferguson,maceybryant@dean.com,911.78,2025-04-06T11:38:52+05:30,,true,70,1.0
Carley Green,ebates@gottlieb.biz,617.71,2025-04-25T11:38:52+05:30,food,true,72,4.4
Hugh Watson,willa.brekke@simpson.name,290.04,2024-09-06T11:38:52+05:30,toys,true,96,2.1
Alejandra Castillo,nadia.higgins@frazier.com,233.79,2025-02-24T11:38:52+05:30,food,false,16,4.5
Lorenzo Roberts,hardyb@cronin.io,663.34,2024-06-23T11:38:52+05:30,toys,true,35,1.3
Daren Marquardt,levi.knight@harrington.org,932.27,2024-12-29T11:38:52+05:30,electronics,true,57,2.6
Roxanne Pena,gabriellawang@martin.name,683.86,2025-11-18T11:38:52+05:30,electronics,true,53,0.1
Elyse Morgan,cale.murray@martin.info,799.99,2025-06-20T11:38:52+05:30,sports,false,95,0.3
Ali Conroy,macirogers@wilson.info,591.87,2026-06-06T11:38:52+05:30,books,true,15,0.4
Ibrahim Bogan,julie.rodriguez@donnelly.net,577.38,2025-09-20T11:38:52+05:30,sports,false,53,0.1
Jasmin Garrison,jaceguzman@christiansen.com,108.58,2024-09-03T11:38:52+05:30,garden,true,70,2.8
Julius Zamora,kmckenzie@herman.info,655.37,2025-04-18T11:38:52+05:30,sports,true,7,1.5
Lois Burton,mshelton@gonzalez.biz,483.26,2026-05-30T11:38:52+05:30,health,true,67,3.9
John Schroeder,janechapman@marks.biz,762.64,2025-04-20T11:38:52+05:30,books,true,41,1.0
Renee Walker,chadrhodes97@ramos.com,644.35,2026-05-15T11:38:52+05:30,,true,39,3.7
Guido Abbott,bethanydavies@glenn.org,151.75,2025-07-16T11:38:52+05:30,health,true,31,3.3
Dereck Ortega,bkim@leonard.biz,693.51,2026-03-02T11:38:52+05:30,food,true,57,0.4
Alex Marshall,hrichardson@sutton.io,528.91,2026-06-08T11:38:52+05:30,automotive,true,72,1.5
Joshua Schneider,emory.norris@yang.net,684.91,2025-12-29T11:38:52+05:30,food,true,3,1.2
Kaley Holland,kory.romero@wiggins.com,466.60,2026-01-20T11:38:52+05:30,sports,false,71,4.7
Kathryn Wolfe,blaze.murray@rice.info,111.24,2025-03-04T11:38:52+05:30,electronics,true,82,3.9
Troy Bell,macey.wilson@nash.net,538.96,2024-12-15T11:38:52+05:30,sports,true,14,3.6
Elias Robbins,neil_lowe@grant.biz,511.09,2025-04-22T11:38:52+05:30,food,true,55,4.7
Angus Bell,barrett.roberts@abbott.net,859.10,2026-05-08T11:38:52+05:30,sports,false,25,3.7
Shaun Roberts,joany.jackson@price.com,555.87,2026-01-07T11:38:52+05:30,toys,true,26,1.0
Juliet Stewart,lonnys@perez.info,483.09,2026-03-04T11:38:52+05:30,electronics,true,22,3.6
Kameron Dietrich,parkerschroeder@jacobi.io,713.85,2024-12-28T11:38:52+05:30,automotive,true,18,1.7
Bryce Snyder,bernardoreynolds@lambert.name,645.20,2025-07-13T11:38:52+05:30,clothing,false,73,1.0
Breanna Brady,susan_young@lee.org,378.22,2025-10-04T11:38:52+05:30,sports,false,12,2.3
Sally Chapman,jsherman52@ortega.info,722.50,2025-08-09T11:38:52+05:30,automotive,true,1,3.1
Owen Snyder,braden-dooley@barnes.biz,974.10,2025-05-25T11:38:52+05:30,clothing,true,16,0.6
Janelle Morales,candacec@monahan.biz,976.16,2024-12-21T11:38:52+05:30,books,true,87,3.9
Macie Mertz,lwiley@rosenbaum.info,530.88,2025-11-17T11:38:52+05:30,automotive,true,85,4.9
Jarvis Becker,delfina_cooper@hayes.com,392.33,2026-05-18T11:38:52+05:30,furniture,true,25,3.1
Alvina Wells,adeleward@wolf.biz,871.30,2025-10-15T11:38:52+05:30,food,true,72,2.9
Cory Brown,kip.carr@wolf.io,57.79,2025-03-18T11:38:52+05:30,sports,true,84,3.4
Kelli Marshall,micahgoldner52@johnston.info,98.71,2025-01-07T11:38:52+05:30,automotive,true,28,1.4
Elijah Mueller,christianarice16@green.com,623.15,2026-02-08T11:38:52+05:30,garden,false,23,0.6
Lucie Feeney,lolahermann@lawson.name,465.40,2024-10-08T11:38:52+05:30,books,false,41,4.2
Emile Whitney,roberto.morales@frazier.io,255.68,2025-11-07T11:38:52+05:30,automotive,true,43,3.7
Hattie Friesen,mkuhn@reid.net,506.39,2025-06-08T11:38:52+05:30,books,true,5,0.7
Hannah Owens,rachel.wu@evans.io,688.58,2026-04-29T11:38:52+05:30,food,true,64,1.2
Rita Koch,agarrison@powers.name,287.58,2024-08-09T11:38:52+05:30,health,true,27,2.8
Simone Austin,dee.owen@sharp.info,23.33,2026-04-09T11:38:52+05:30,clothing,true,36,3.4
,lucianospencer@nicolas.info,468.94,2025-10-19T11:38:52+05:30,electronics,true,49,4.9
Coleman Lane,haylie_peterson@glenn.io,898.10,2025-07-24T11:38:52+05:30,electronics,true,29,2.5
Rae Osinski,not-an-email,917.69,2024-07-17T11:38:52+05:30,furniture,true,7,1.4
Kayley West,aviswheeler@scott.net,473.54,2026-02-08T11:38:52+05:30,sports,false,84,4.3
Cyrus Herman,judysummers@wells.name,826.37,2025-10-06T11:38:52+05:30,toys,true,17,0.7
Aditya Montgomery,josh.reed@allen.org,2.79,2025-08-22T11:38:52+05:30,health,true,48,2.1
Elliot Mills,mramsey@burton.com,450.81,2025-12-03T11:38:52+05:30,garden,true,75,1.6
Vicente Hubbard,carolinehoffman@manning.org,128.10,2026-05-21T11:38:52+05:30,books,true,81,2.1
Asha Fernandez,maxinerobbins@holt.biz,325.38,2024-12-04T11:38:52+05:30,automotive,true,31,0.8
Liam Carpenter,ftodd@rath.name,194.78,2025-06-30T11:38:52+05:30,books,true,98,4.7
Sonia Jensen,amoreno@holland.info,790.01,2026-03-26T11:38:52+05:30,automotive,true,96,0.8
Jeff Stevens,erin.gonzalez@chen.io,557.58,2026-04-30T11:38:52+05:30,books,true,30,3.2
Frankie Deckow,blairwest@shelton.info,351.35,2025-12-07T11:38:52+05:30,food,true,87,3.0
Bernardo Thornton,carlottasullivan@hernandez.net,709.18,2025-01-03T11:38:52+05:30,electronics,true,94,2.9
Brendan Monahan,kharrington@johnson.org,991.00,2025-04-05T11:38:52+05:30,sports,true,42,4.4
Chase Marsh,reinayoung@sutton.net,545.93,2025-08-09T11:38:52+05:30,clothing,true,11,4.8
Michaela Hopkins,betty.mcclure@kelly.net,154.31,2024-08-08T11:38:52+05:30,clothing,true,28,2.5
Alena Howe,max.morrison@silva.biz,917.71,2024-10-24T11:38:52+05:30,electronics,false,21,0.7
Luisa Palmer,colt.byrd@hanson.name,85.38,2026-06-10T11:38:52+05:30,automotive,true,67,4.6
Hope Wolff,rhernandez@vincent.io,536.74,2025-12-08T11:38:52+05:30,sports,false,19,2.5
Liana Bailey,annalisewebb@frazier.biz,468.97,2024-08-04T11:38:52+05:30,sports,false,81,0.8
Jennie Gibbs,jaydon.robertson@goodwin.info,805.08,2026-06-09T11:38:52+05:30,food,true,31,3.2
Aron Bates,natmarquardt@jacobi.biz,238.76,2024-09-10T11:38:52+05:30,garden,true,42,0.3
Sonya Brekke,ezequielwu@quigley.com,361.63,2025-03-22T11:38:52+05:30,books,true,14,4.7
Jace Singh,alexander.padilla@wilson.org,49.33,2025-02-06T11:38:52+05:30,clothing,true,30,0.4
Terry Nicolas,emmie.stevenson@mccarthy.com,963.91,2025-04-09T11:38:52+05:30,clothing,false,66,0.3
Ken Parker,agnes.higgins@ruiz.com,817.35,2026-06-12T11:38:52+05:30,sports,false,99,2.5
Eleanora Webster,danykaquinn@marks.com,504.01,2025-09-16T11:38:52+05:30,,true,54,4.1
Scarlett Brekke,nikolasramos@marks.org,767.85,2025-08-07T11:38:52+05:30,sports,true,30,3.7
Aliyah Carr,eguzman@martinez.net,503.11,2026-02-01T11:38:52+05:30,garden,true,22,2.1
Tanner Silva,not-an-email,219.58,2024-08-23T11:38:52+05:30,toys,true,69,2.0
Arden Hoffman,sheila.gibbs@towne.biz,680.61,2025-02-26T11:38:52+05:30,clothing,true,81,1.5
Kaitlin Daniel,clark-wise@leonard.com,928.62,2024-10-24T11:38:52+05:30,food,false,81,1.9
Amy Jordan,emily.gonzalez@gardner.name,199.86,2025-10-27T11:38:52+05:30,furniture,false,18,4.9
Lawson Stephens,chelseyswift@jackson.com,907.87,not-a-date,automotive,false,48,2.1
Mac Torres,cruzstanton@byrd.net,505.10,2026-02-05T11:38:52+05:30,books,true,25,2.8
Giovani Abbott,israelboyer@villarreal.org,626.79,2026-04-29T11:38:52+05:30,automotive,true,6,0.5
Augustine Grimes,mac_white@sullivan.io,942.13,2025-08-23T11:38:52+05:30,food,true,29,5.0
Amelia Dean,jacedavies@collier.org,45.89,2026-05-25T11:38:52+05:30,furniture,true,8,4.7
Genesis Bartell,leilalin@auer.org,812.89,2025-09-07T11:38:52+05:30,furniture,true,14,4.6
Gabriella Kuhn,grant.herman@wall.org,604.23,2026-03-12T11:38:52+05:30,garden,true,29,0.5
Abbie Fletcher,clementine-singleton@banks.name,110.34,2026-03-13T11:38:52+05:30,toys,true,81,1.7
Roman Mertz,tiffanyt@mcclure.net,217.97,2025-10-25T11:38:52+05:30,furniture,true,27,3.8
Houston Berry,cleveland.powell@patterson.com,734.41,2025-03-09T11:38:52+05:30,food,true,4,0.7
Pauline Thomas,earlb@cole.name,962.04,2026-02-19T11:38:52+05:30,food,true,74,2.2
Braxton Kennedy,earline.hubbard@whitney.io,621.07,2026-04-25T11:38:52+05:30,automotive,false,59,2.4
Joaquin Lind,barthopkins@soto.info,359.99,2025-04-15T11:38:52+05:30,furniture,true,54,2.1
Dimitri Fernandez,lukasmendez@solomon.info,56.82,2025-03-05T11:38:52+05:30,sports,true,75,4.6
Barry Schmitt,mjackson@peters.io,855.78,2025-03-28T11:38:52+05:30,sports,false,100,2.4
Caleigh Atkins,mary.schuster@glenn.com,680.81,2025-04-07T11:38:52+05:30,furniture,true,87,2.5
Jaqueline Dixon,hubert_kennedy99@marks.info,625.66,2026-06-01T11:38:52+05:30,clothing,true,72,1.7
Cora Bates,lbayer@boyer.info,130.13,2025-11-25T11:38:52+05:30,food,true,32,0.1
Dusty Kelly,jonjohnson@maxwell.info,652.62,2024-09-18T11:38:52+05:30,toys,true,60,2.2
Kareem Bryant,stanley.wise16@heller.name,48.09,2026-03-30T11:38:52+05:30,automotive,true,52,2.6
Amos Newton,johannawashington@daniel.biz,342.41,2024-07-22T11:38:52+05:30,electronics,false,32,1.4
Jayda Burton,andybernhard@brady.info,355.53,not-a-date,toys,true,18,1.5
Judy Moore,cassandra.raynor@richards.net,397.14,2025-09-12T11:38:52+05:30,toys,true,28,3.9
Cruz Wise,trobbins@bogan.com,273.06,2024-08-08T11:38:52+05:30,automotive,true,57,0.7
Carlie Boyer,arlogarza@saunders.org,851.49,2025-08-31T11:38:52+05:30,automotive,true,4,2.8
Ernest Hale,garth.hopkins@osinski.org,690.03,2026-04-20T11:38:52+05:30,health,true,73,0.2
Emerson Swift,rwebster@silva.com,672.25,2024-11-17T11:38:52+05:30,furniture,true,41,4.8
Antonio Austin,gaylordlin@miller.com,577.17,2025-12-23T11:38:52+05:30,books,true,11,1.8
Roxane Murphy,nanniegislason@clay.biz,551.69,2025-03-12T11:38:52+05:30,books,false,73,4.4
Cielo King,patrickh@martin.name,184.89,2025-07-19T11:38:52+05:30,garden,true,80,3.5
Jeanne Stevens,alecwatkins@ferguson.net,610.36,2026-02-02T11:38:52+05:30,furniture,true,85,3.9
Eli Harvey,aboyle15@henry.com,611.62,2026-02-18T11:38:52+05:30,food,false,38,0.9
Bruce Paul,cassidyvincent@walter.net,169.79,2026-05-02T11:38:52+05:30,sports,false,17,1.5
Athena Reese,emmy_singleton2@stokes.biz,978.49,2026-01-30T11:38:52+05:30,automotive,true,21,1.4
Laila Brown,curt.higgins@dooley.io,774.38,2025-04-22T11:38:52+05:30,food,true,6,0.1
Johanna Ray,alana.fletcher@higgins.org,37.30,2024-10-11T11:38:52+05:30,books,true,19,3.0
Harmon Weber,nathang@grimes.com,237.94,2025-10-24T11:38:52+05:30,automotive,true,63,2.1
Joannie Navarro,fredrickmckenzie@griffin.info,740.57,2024-12-29T11:38:52+05:30,automotive,true,94,3.3
Haylee Adams,reinabecker@greene.biz,733.94,2026-03-03T11:38:52+05:30,food,true,12,0.1
Reagan Barrows,jakegriffin@burton.name,182.02,2026-02-28T11:38:52+05:30,books,true,40,0.4
Keith Lin,kimlarson@powell.io,175.21,2025-10-31T11:38:52+05:30,sports,true,76,3.4
Damon Heller,alawrence@schwartz.info,727.88,2026-01-14T11:38:52+05:30,health,false,35,3.3
Maia Ford,cclayton@kuhn.io,746.27,2025-09-07T11:38:52+05:30,electronics,true,30,1.6
Lori Wade,kirkphillips@donnelly.net,194.81,2026-03-18T11:38:52+05:30,health,true,83,1.7
Carmen Kling,penelope.cruz@hopkins.org,244.97,2024-08-10T11:38:52+05:30,automotive,true,59,2.3
Carlotta Pearson,sabinamay@braun.net,152.40,2025-12-29T11:38:52+05:30,toys,true,10,0.7
Annie Schaefer,frankwalton@abbott.net,210.94,2024-12-02T11:38:52+05:30,electronics,true,10,1.0
Emilia Lyons,evillarreal@wolfe.info,882.89,2025-11-18T11:38:52+05:30,books,true,74,0.2
Robert Mccarthy,rafaela-warren@osinski.net,380.99,2025-12-10T11:38:52+05:30,sports,false,14,2.7
Loren Shelton,emilryan@franklin.io,482.77,2025-01-09T11:38:52+05:30,electronics,false,35,2.0
Chadd Wall,consueloperry@hamilton.io,355.43,2025-06-30T11:38:52+05:30,books,true,54,0.5
Kaden Malone,jaqueline.richardson@herman.info,247.47,2024-07-23T11:38:52+05:30,electronics,true,5,4.9
Abby Turner,karianehubbard@guzman.io,14.15,2024-12-22T11:38:52+05:30,garden,true,46,0.4
Cristian Singh,cherzog@pena.net,376.96,2025-08-31T11:38:52+05:30,food,true,4,1.8
Aniyah Cummings,joanaj@patterson.biz,585.54,2024-07-28T11:38:52+05:30,,true,31,0.1
Carmelo Nolan,blawrence@abbott.biz,103.36,2024-09-18T11:38:52+05:30,health,false,49,1.0
Alicia Cox,dinorosenbaum@baldwin.biz,915.60,2025-12-07T11:38:52+05:30,garden,true,70,1.2
Jesse Wu,haroldchristiansen@brown.info,135.16,2026-05-06T11:38:52+05:30,garden,true,80,3.3
Cathy Friesen,kkoch@foster.com,248.95,2025-08-02T11:38:52+05:30,furniture,true,78,4.3
Asia Simmons,barneygibbs@todd.name,650.12,2026-02-03T11:38:52+05:30,toys,true,3,1.1
Lee Gardner,lisacarr7@bergstrom.name,14.95,2024-07-16T11:38:52+05:30,food,true,20,0.3
Leanne Ramirez,fionaherman@elliott.info,382.15,2024-08-10T11:38:52+05:30,books,true,39,0.5
Alfred Wyatt,abradley89@davis.com,913.58,2024-09-19T11:38:52+05:30,health,true,52,3.9
Pamela Thompson,aconroy@navarro.org,665.54,not-a-date,food,false,58,3.0
Kasandra Hubbard,rachael.sanchez@little.name,122.68,2025-03-08T11:38:52+05:30,garden,false,100,4.4
Maria Gislason,jasminbarber@palmer.info,360.99,2025-04-28T11:38:52+05:30,automotive,false,36,1.8
Kailey Horton,estebansanchez@norris.com,623.95,2025-09-10T11:38:52+05:30,sports,true,39,4.5
Jace Scott,dmcdermott71@ford.info,861.87,2025-05-14T11:38:52+05:30,electronics,true,6,1.2
Charlie Watson,reid.padilla@zimmerman.com,8.14,2025-11-22T11:38:52+05:30,clothing,true,85,3.9
Edward Boyle,parker.graves@kling.io,626.02,not-a-date,food,true,5,1.0
Tom Keller,johannagarrison54@chapman.net,820.71,2025-12-26T11:38:52+05:30,books,true,68,3.0
Edd Lin,abdulwalton40@horton.io,290.94,2025-08-11T11:38:52+05:30,furniture,true,45,3.8
Meghan Gibbs,noraromero@nolan.com,105.35,2026-01-06T11:38:52+05:30,automotive,true,72,5.0
Carey Thornton,dexterbryant@tate.net,955.34,2025-05-12T11:38:52+05:30,food,true,11,2.7
Darwin Armstrong,jilliandavies@becker.name,799.61,2026-04-06T11:38:52+05:30,,false,52,0.5
Grady Bryant,amanda_mcdonald@fleming.name,983.33,2025-03-12T11:38:52+05:30,health,true,91,0.1
Joaquin Carroll,clydel@wade.info,738.12,2025-11-27T11:38:52+05:30,food,false,82,0.5
Chloe Manning,not-an-email,655.15,2025-06-05T11:38:52+05:30,health,false,20,3.5
Alexa Morrison,kiaramayer@tran.biz,358.23,2025-04-17T11:38:52+05:30,sports,false,97,2.4
Gideon Sandoval,cheyanne.armstrong@quinn.biz,521.43,2025-09-30T11:38:52+05:30,garden,true,97,1.8
Selena Whitney,cynthia.cormier@casper.com,137.75,2026-05-14T11:38:52+05:30,furniture,true,16,1.4
Emmet Santos,alexie.marquardt@perry.name,270.51,2026-05-27T11:38:52+05:30,health,true,98,5.0
Julia Marks,christina_mills@ward.org,865.60,2025-03-06T11:38:52+05:30,,true,84,0.9
,cory.lamb@tyler.org,36.71,2026-05-02T11:38:52+05:30,books,false,2,2.3
Daisha Ferguson,nathaniellawrence@holmes.info,307.64,2026-02-27T11:38:52+05:30,clothing,true,49,3.3
Antonio Towne,hardyc@santiago.io,585.39,2025-11-06T11:38:52+05:30,automotive,true,14,2.9
Constance Flatley,madilynr@keller.info,495.69,2024-07-17T11:38:52+05:30,books,false,11,3.7
Kane Paul,esperanza_black@doyle.org,112.54,2024-10-02T11:38:52+05:30,health,false,17,0.2
Garry Daniels,beulahreyes3@roberts.com,217.00,2026-06-14T11:38:52+05:30,electronics,true,5,1.8
Nichole Schmidt,gromero@blake.biz,395.75,2025-09-18T11:38:52+05:30,clothing,true,43,3.9
Daija Lang,jamals@jenkins.biz,744.23,2025-12-25T11:38:52+05:30,toys,true,43,4.6
Katrina Lyons,lila.garrett@campbell.io,164.62,2025-06-15T11:38:52+05:30,health,true,77,4.3
Lillie Scott,lolita_newman@howard.org,790.34,2025-07-01T11:38:52+05:30,books,false,65,3.8
Mara Coleman,blang@sanchez.info,105.52,2026-01-16T11:38:52+05:30,automotive,true,2,4.7
Madalyn Gerhold,abdullahhammond@armstrong.name,48.44,2024-08-25T11:38:52+05:30,health,false,90,1.3
Rigoberto Malone,bryana.olson@crawford.info,121.83,2025-10-28T11:38:52+05:30,food,true,32,3.7
Ashton Jensen,giovannyyates@wright.net,157.94,2024-12-31T11:38:52+05:30,health,true,100,3.7
Guadalupe Stone,clyde.palmer@bates.net,50.23,2025-03-15T11:38:52+05:30,health,true,24,0.5
Alvis Stark,reba.richardson@hoffman.com,122.51,2024-10-24T11:38:52+05:30,books,true,89,0.3
Nikolas Anderson,dong@torres.io,136.90,2024-10-16T11:38:52+05:30,food,true,80,1.7
Kailyn Walter,karelle.muller4@brekke.com,617.02,2025-07-13T11:38:52+05:30,clothing,true,36,3.6
Kane Stone,daltonm@swanson.info,811.66,2026-01-04T11:38:52+05:30,garden,true,69,2.6
Anya Auer,darroncollins@harvey.info,239.96,2024-06-28T11:38:52+05:30,clothing,true,65,0.4
Audie Waters,sheldon.singh@leffler.org,229.39,2025-11-03T11:38:52+05:30,toys,true,87,0.6
Hiram Berry,brandykessler@abbott.name,762.13,2025-09-03T11:38:52+05:30,electronics,true,98,2.1
Ally Cummings,francoh@ortiz.org,986.08,2025-10-09T11:38:52+05:30,toys,true,95,4.9
Damien Glenn,bashley@goodwin.biz,616.64,2025-09-14T11:38:52+05:30,health,true,42,1.8
Adriana Higgins,grahamg@gislason.info,860.14,2025-12-25T11:38:52+05:30,clothing,false,88,0.1
Ron Lawson,milan.stewart@jacobs.org,887.44,2024-07-24T11:38:52+05:30,electronics,true,82,1.9
Steve Soto,ian.jimenez@guzman.com,488.62,2024-10-17T11:38:52+05:30,health,true,25,0.5
Garry Jackson,coralie.marsh@castillo.io,559.33,2025-11-21T11:38:52+05:30,toys,true,32,1.9
Bryana Zamora,dconnelly@roberts.biz,17.36,2024-09-15T11:38:52+05:30,books,true,6,0.6
Penelope Austin,carmelhunt@george.io,375.72,2025-03-20T11:38:52+05:30,books,true,68,2.6
Amos Stokes,armandbrown@lyons.info,999.83,2025-02-03T11:38:52+05:30,garden,true,43,2.2
Arlie Marquardt,carrie_gregory@nguyen.name,906.57,2024-07-18T11:38:52+05:30,food,true,26,4.1
Meredith McLaughlin,antonio.flores@singleton.name,43.82,2025-05-16T11:38:52+05:30,furniture,true,73,4.3
Charity Fisher,beth.wyman@gibbs.org,268.89,2025-07-20T11:38:52+05:30,garden,false,47,1.7
Kory Cooper,audreystanley6@sims.io,580.00,2025-11-30T11:38:52+05:30,books,true,98,3.3
Keira Baldwin,austenprice@gibson.org,605.66,2024-06-23T11:38:52+05:30,furniture,true,90,4.8
Broderick Lyons,sidney.boyle@weaver.biz,102.16,2025-12-27T11:38:52+05:30,books,false,34,1.7
Daisha Howe,abraham.sutton@carroll.io,230.51,2025-07-16T11:38:52+05:30,automotive,true,3,1.9
Constantin Lambert,adonis.schaefer65@cook.name,-784.00,2026-01-20T11:38:52+05:30,clothing,true,19,3.1
Esteban Douglas,ekelly@sutton.io,430.73,2026-03-31T11:38:52+05:30,furniture,true,89,2.5
Chadd Mason,amym@nguyen.org,98.52,2025-04-01T11:38:52+05:30,garden,true,90,5.0
Bria Nash,travisking@marquardt.info,929.42,2025-11-05T11:38:52+05:30,health,true,91,2.9
Dereck Wiggins,arvidbates@kelly.info,481.84,2025-11-16T11:38:52+05:30,garden,true,14,0.2
Chaz Robbins,alba.howell@muller.biz,187.23,2024-07-04T11:38:52+05:30,health,true,66,3.7
Marc Flores,hal.quigley@may.biz,253.44,2024-08-11T11:38:52+05:30,food,false,55,5.0
Eric Bell,ryoung@mendoza.io,712.96,2024-08-08T11:38:52+05:30,food,true,8,0.5
Dahlia Sherman,budjordan@daniels.name,364.75,2025-05-15T11:38:52+05:30,sports,true,67,2.8
Beverly Hammond,aylas@wright.biz,282.80,2025-08-11T11:38:52+05:30,electronics,true,69,3.8
Valerie Ward,ellenchapman@tate.biz,643.54,2026-04-17T11:38:52+05:30,food,true,19,1.1
River James,sjimenez@dooley.biz,550.33,2025-07-17T11:38:52+05:30,automotive,true,63,4.5
Dominic Rutherford,frederic.hackett@rodriguez.biz,628.43,2025-06-16T11:38:52+05:30,clothing,true,53,2.4
Mina Reid,dylan_mcclure@mccullough.org,5.68,2025-08-19T11:38:52+05:30,automotive,false,45,4.9
Beth Horton,conor.nolan@hoffman.info,796.50,2026-05-04T11:38:52+05:30,food,true,3,4.0
Herbert Armstrong,cpatterson@crawford.io,574.76,2024-12-26T11:38:52+05:30,sports,true,51,1.1
Liana Joseph,erika.roberts@bogan.name,839.01,2025-02-06T11:38:52+05:30,toys,true,14,0.2
Aletha Hackett,miguelford@navarro.com,487.58,2025-10-11T11:38:52+05:30,furniture,true,91,0.4
Victor Leonard,tsoto@west.net,947.49,2025-07-19T11:38:52+05:30,clothing,true,30,4.1
Houston White,kade-thiel@boyer.io,828.79,2025-03-07T11:38:52+05:30,food,false,77,0.8
Ralph Holland,egibbs@horton.info,799.31,2025-06-11T11:38:52+05:30,automotive,true,30,2.5
Felicia Wong,lesterthompson@mann.org,70.21,2025-06-15T11:38:52+05:30,health,true,33,2.1
Esmeralda Hawkins,bwatkins58@smith.net,598.60,2024-07-08T11:38:52+05:30,clothing,true,76,0.7
Leta Vega,camrenlarson@reese.com,997.18,2025-04-15T11:38:52+05:30,books,true,24,2.7
Jamar Diaz,amiecraig@cartwright.net,230.39,2024-10-05T11:38:52+05:30,clothing,false,95,4.2
Dane Bergstrom,rickl@wu.name,981.63,2024-08-13T11:38:52+05:30,,true,86,1.5
Horace Miller,deannaleffler@singh.io,183.86,2025-11-15T11:38:52+05:30,electronics,true,30,0.1
Sophie Evans,lukaswilkins@muller.com,31.15,2024-11-04T11:38:52+05:30,furniture,false,97,2.6
Althea Allen,damien.edwards@bird.io,964.63,2025-10-24T11:38:52+05:30,health,true,96,0.5
Erik Morris,mmertz@walker.biz,597.04,2025-02-13T11:38:52+05:30,health,true,92,2.4
Cassidy Johnston,estefaniaevans@riley.info,895.54,2026-03-30T11:38:52+05:30,furniture,true,30,3.0
Simone Santiago,andersonpaul@carter.com,917.81,2025-09-14T11:38:52+05:30,books,true,53,4.7
Lucy Lane,nedrabraun4@heller.name,452.30,2025-08-25T11:38:52+05:30,food,true,45,5.0
Myron Reid,camrenhills@ward.name,986.08,2025-09-27T11:38:52+05:30,clothing,true,53,4.3
Abigayle Ramsey,abel.manning2@stokes.org,286.02,2025-06-13T11:38:52+05:30,sports,true,4,0.7
Maegan Schuster,kristinwalker@welch.name,454.52,2025-02-12T11:38:52+05:30,garden,true,38,4.6
Armando Duncan,willardpadilla@cook.info,832.96,2026-03-28T11:38:52+05:30,food,false,82,4.4
Rory Graves,domingo.swift@coleman.org,219.17,2025-10-14T11:38:52+05:30,health,true,67,2.1
Cleve Rodriguez,maria.wolff@soto.info,304.77,2026-04-13T11:38:52+05:30,electronics,false,9,0.8
Mack Rogers,hailie-mccullough@howard.name,851.68,2025-02-03T11:38:52+05:30,clothing,true,67,3.0
Josh Flores,ccraig@stone.name,467.53,2026-04-26T11:38:52+05:30,,false,28,3.7
Jonas Wyman,lelandstevens@bradley.net,682.09,2025-09-05T11:38:52+05:30,furniture,false,6,2.9
Austen Malone,keeganwillis@marvin.name,38.94,2024-12-03T11:38:52+05:30,clothing,true,23,0.6
Hallie Gleichner,kristingoldner@sherman.biz,215.24,2024-07-20T11:38:52+05:30,food,true,39,4.4
Josie Anderson,curt.jacobs@robbins.io,741.98,2026-03-01T11:38:52+05:30,electronics,true,100,3.7
Adelia Sandoval,madisenferguson@graham.com,144.47,2024-07-18T11:38:52+05:30,clothing,true,95,1.3
Ramon Li,jenniferritchie88@white.name,205.47,2024-12-10T11:38:52+05:30,sports,true,16,2.4
Elisa Ramsey,louieswanson@solomon.com,595.94,2024-10-31T11:38:52+05:30,books,false,67,0.3
Beryl Jacobs,kmanning@bennett.io,286.57,2025-01-18T11:38:52+05:30,automotive,true,38,2.3
Parker Stark,evan.oliver51@cartwright.biz,757.26,2024-09-11T11:38:52+05:30,furniture,true,96,1.6
Jordyn Rose,heath-tyler@welch.info,221.53,2024-12-14T11:38:52+05:30,furniture,true,58,3.8
Zola Evans,alhopkins@norris.biz,537.75,2026-05-18T11:38:52+05:30,automotive,true,77,5.0
Maxine Griffin,aleonard7@cooper.net,235.60,2025-04-19T11:38:52+05:30,health,true,22,2.5
Finn Villarreal,ryan-malone@stewart.org,942.51,2025-05-04T11:38:52+05:30,food,true,21,4.9
Anthony Gonzalez,jordan.powers@wilcox.biz,989.59,2024-08-10T11:38:52+05:30,health,true,24,1.6
Cassie Murray,henrio@wilson.org,39.26,2025-06-18T11:38:52+05:30,health,false,22,0.3
Mellie Warren,bradley.chapman@raynor.org,804.61,2024-09-28T11:38:52+05:30,automotive,true,31,1.5
Jeffery Lambert,adaline_jacobson63@larkin.biz,94.18,2025-08-01T11:38:52+05:30,books,true,98,2.9
Chasity Wall,olga.feeney@burns.org,218.58,2025-06-07T11:38:52+05:30,electronics,true,31,0.2
Kimberly Hoffman,barton.sparks@wilkinson.biz,296.79,2026-03-28T11:38:52+05:30,automotive,true,81,0.3
Kaitlin Fleming,ena-knight@wise.net,511.64,2025-09-12T11:38:52+05:30,books,true,36,4.4
Lawson Perry,francisrodriguez@bird.io,601.47,2026-03-08T11:38:52+05:30,electronics,false,74,3.3
Dell Carpenter,marleyhammond@payne.com,139.39,2025-04-09T11:38:52+05:30,books,true,88,3.3
Felicia Towne,lynnmills@lewis.biz,307.09,2026-04-06T11:38:52+05:30,health,true,82,1.7
Bryce Rowe,kdavies@rice.org,153.25,2024-06-18T11:38:52+05:30,health,true,96,4.4
Liza Wolff,lillal@shaw.net,34.11,2024-07-28T11:38:52+05:30,food,true,34,0.9
Sadie Abshire,francescalee@gardner.info,363.28,2026-05-19T11:38:52+05:30,toys,true,5,3.8
Madisyn Howell,alanna-powell@west.org,337.78,2025-10-26T11:38:52+05:30,garden,true,87,3.3
Cole Wells,clayb@smith.name,164.64,2025-10-27T11:38:52+05:30,books,true,76,3.9
Marlee Hayes,rudy.daugherty66@wilson.io,147.98,2025-08-18T11:38:52+05:30,sports,true,9,2.5
Nicholas Collier,harryfrazier@donnelly.com,878.27,2026-05-17T11:38:52+05:30,automotive,true,87,4.0
Karl Jacobs,melisa-lynch@price.name,17.15,2025-06-21T11:38:52+05:30,food,true,87,3.0
Darren Santos,bvasquez@atkinson.info,91.29,2024-07-12T11:38:52+05:30,books,true,85,0.2
Gaylord Holmes,martin.spencer@bailey.org,647.24,2025-12-02T11:38:52+05:30,health,true,6,4.1
Lexi Watts,kmorris@whitney.net,625.23,2024-09-13T11:38:52+05:30,toys,true,34,3.7
Kendra Myers,isaiahstevens@sims.org,550.33,2025-04-16T11:38:52+05:30,electronics,true,51,0.7
Hailey Lamb,kelliott@evans.net,19.30,2025-12-26T11:38:52+05:30,health,true,91,4.4
Chelsie Zimmerman,cedwards@thompson.biz,330.96,2024-06-25T11:38:52+05:30,food,true,5,3.1
Buddy Kessler,autumn.cronin@george.org,581.72,2024-12-03T11:38:52+05:30,health,true,94,2.4
Dulce Hartmann,clevehubbard@abernathy.name,403.79,2025-08-02T11:38:52+05:30,electronics,true,83,4.2
Joan Sanchez,johnny.stanley@wilkinson.com,766.14,2025-05-22T11:38:52+05:30,books,true,40,0.3
Alexie Raynor,vernon.lin@morgan.org,337.22,2026-03-05T11:38:52+05:30,clothing,true,5,0.2
Cecile Strong,boyd_gislason@hahn.com,576.24,2024-08-25T11:38:52+05:30,food,true,72,4.1
Ford Jacobi,denaharris@morrison.io,209.46,2025-01-10T11:38:52+05:30,books,true,83,2.9
Liana Schroeder,slawson@carroll.com,834.07,2025-11-27T11:38:52+05:30,toys,true,74,4.6
Gabe Swift,jimmyhenderson@morales.biz,80.21,2025-06-29T11:38:52+05:30,books,true,67,2.7
Adalberto Wu,rocky-summers@castillo.name,624.28,2024-07-07T11:38:52+05:30,sports,true,57,2.3
Alvah Wheeler,robynthiel@schuster.info,280.44,2024-08-21T11:38:52+05:30,electronics,true,64,3.7
Mark Haley,carmel_pierce@morales.io,363.03,2025-12-04T11:38:52+05:30,toys,true,48,3.6
Neha Ward,cwilkinson@walters.info,297.02,2024-08-18T11:38:52+05:30,garden,true,1,4.8
Kyle Parker,jamarmuller@reyes.org,794.04,2026-01-30T11:38:52+05:30,automotive,false,61,1.0
Israel Schiller,madge-moreno@barnett.biz,649.12,2025-08-13T11:38:52+05:30,furniture,true,45,4.5
Amalia Nash,jovanmueller@considine.name,872.38,2024-09-01T11:38:52+05:30,books,true,17,0.2
Jillian Silva,jared.jordan@thornton.net,813.09,2026-02-27T11:38:52+05:30,garden,true,73,3.9
Anahi Vega,cprice@dickinson.name,772.32,2025-10-03T11:38:52+05:30,automotive,true,50,4.0
Brycen Pearson,ethanbell@black.name,741.40,2025-10-29T11:38:52+05:30,automotive,false,64,1.8
Enrico Holt,benjaminreese@kling.org,329.56,2025-06-10T11:38:52+05:30,furniture,false,4,1.4
Jessie Whitney,knguyen@horton.com,227.21,2026-04-02T11:38:52+05:30,sports,true,16,4.7
Roy Harris,brent.hicks@brekke.name,942.76,2026-04-11T11:38:52+05:30,garden,true,76,4.4
Americo Williams,cesar.shaw@phillips.name,71.88,2025-06-09T11:38:52+05:30,electronics,false,57,3.9
Jamal Mendez,atate@grimes.org,919.96,2024-11-30T11:38:52+05:30,books,true,25,1.5
Jaime Lopez,kurtis.owen@rice.name,293.80,2024-06-27T11:38:52+05:30,toys,true,17,4.1
Karen Fisher,kquigley@quinn.net,842.19,2026-02-08T11:38:52+05:30,clothing,true,36,2.7
Lucas Nichols,rjames11@powers.org,34.77,2026-03-15T11:38:52+05:30,food,false,6,1.0
Madelynn Medina,joe.knight@braun.net,64.66,2024-10-09T11:38:52+05:30,sports,true,84,4.2
Ian Morris,nicholereed15@saunders.com,710.71,2026-01-21T11:38:52+05:30,toys,false,37,4.1
Brando Romero,hazel.taylor@barker.name,704.38,2024-07-12T11:38:52+05:30,books,true,70,0.7
Maureen Brekke,ashtyn.flores@joseph.name,796.40,2025-03-12T11:38:52+05:30,sports,true,49,3.7
Cortez Schmitt,lowell.ashley@walter.info,135.70,2025-02-24T11:38:52+05:30,food,true,21,0.7
Cameron Newton,keeleylyons4@hawkins.io,26.33,2026-06-02T11:38:52+05:30,health,true,58,2.7
Jalen Holland,aruiz@brooks.net,240.44,2026-05-11T11:38:52+05:30,health,true,79,3.4
Freddie Owens,heath.mitchell@holt.com,468.20,2024-10-15T11:38:52+05:30,books,true,100,4.5
Oscar Henderson,halle.lin10@gibbs.info,401.40,2025-08-22T11:38:52+05:30,clothing,true,42,3.0
Mario Berge,carolesherman@berge.biz,610.05,2026-04-05T11:38:52+05:30,health,true,74,0.2
Dixie Sauer,jenniehackett@considine.net,884.82,2024-10-07T11:38:52+05:30,health,true,17,2.1
Coty Daniel,asha.nash@gleason.com,760.25,2025-10-30T11:38:52+05:30,furniture,true,54,0.1
Clifton Considine,colleenvillarreal@schaefer.info,916.39,2025-04-19T11:38:52+05:30,books,true,46,3.7
Ana Braun,camilla.heller@harper.info,19.53,2025-12-01T11:38:52+05:30,health,false,68,0.7
Reba Henry,brody.miller@schwartz.io,614.32,2025-07-29T11:38:52+05:30,toys,true,36,2.3
Maureen Harrison,leontownsend@morgan.name,778.10,2026-01-14T11:38:52+05:30,health,true,89,1.4
Kory Manning,peteheller@russell.biz,866.26,2024-07-05T11:38:52+05:30,books,true,45,0.4
King Wright,joana-higgins@gordon.name,747.28,2025-10-03T11:38:52+05:30,clothing,true,83,4.6
Armand Baker,bethatkins@washington.name,333.83,2026-02-08T11:38:52+05:30,automotive,true,3,2.6
Jaida Hill,twagner@abbott.biz,37.88,2024-07-23T11:38:52+05:30,furniture,true,50,1.6
Sonya Soto,tomm@ford.info,875.40,2024-09-25T11:38:52+05:30,toys,true,3,0.6
Cesar Marvin,jasonw@wiley.com,354.88,2025-04-13T11:38:52+05:30,furniture,true,20,4.3
Chance Braun,blaiseh@soto.io,756.63,2025-11-11T11:38:52+05:30,electronics,true,71,4.0
Kurtis Heller,dexter-owen@freeman.com,527.30,2024-09-01T11:38:52+05:30,furniture,true,13,3.0
Gerry Sanders,micahpeterson@carr.io,784.08,2025-03-09T11:38:52+05:30,toys,true,12,0.7
Rowan Bartell,kristymcdermott@reyes.io,145.70,2025-12-23T11:38:52+05:30,toys,false,2,4.2
Madaline Stevenson,lgray@manning.name,620.13,2024-11-28T11:38:52+05:30,automotive,false,8,0.7
Delores Hudson,darienhammond@vincent.io,512.21,2026-01-15T11:38:52+05:30,sports,true,97,3.4
Henry Fuller,henry-edwards@brown.io,933.26,2025-03-16T11:38:52+05:30,sports,true,67,1.6
Harmon Swift,sarai-graves@silva.biz,516.87,2024-08-24T11:38:52+05:30,garden,true,9,3.6
Lilla Grimes,nick.robbins43@romero.com,985.02,2025-03-30T11:38:52+05:30,clothing,false,62,1.5
Olga Perez,alyssonweber@campbell.com,67.14,2026-05-12T11:38:52+05:30,food,false,100,2.9
Adrain Griffin,darlenehills@wilson.info,766.35,2026-03-06T11:38:52+05:30,food,true,84,3.8
Sammy Sharp,kbarber@walton.net,477.27,2025-06-29T11:38:52+05:30,health,true,100,2.5
Madonna Keller,courtneylove62@marsh.name,139.81,2025-11-13T11:38:52+05:30,books,true,64,2.7
Alexie Sanders,mchristiansen@gottlieb.net,859.25,2025-03-31T11:38:52+05:30,electronics,true,29,2.5
Imani Glenn,lillyswift@williams.name,44.64,2025-01-16T11:38:52+05:30,garden,true,61,2.6
Alessandra Lawrence,pierce.auer@brekke.org,591.02,2025-11-20T11:38:52+05:30,sports,false,28,1.3
Jane Welch,haylee-tyler@bayer.org,114.60,2025-09-25T11:38:52+05:30,books,true,14,4.2
Raymond Davies,roxane.garrison@howe.net,295.39,2024-08-25T11:38:52+05:30,health,true,29,0.2
Brendan Thiel,asimpson@yost.info,960.52,2025-05-03T11:38:52+05:30,books,true,56,1.7
Paris McCullough,kattie-fuller@gleichner.info,728.52,2025-10-25T11:38:52+05:30,garden,true,100,0.8
Aubree Cooper,graciela.hamilton@wheeler.name,246.67,2025-03-08T11:38:52+05:30,toys,false,85,4.1
Luis Harper,kameronglover@sharp.com,750.65,2025-01-11T11:38:52+05:30,toys,true,70,0.8
Amiya Morris,brittanyvillarreal89@jacobs.io,456.09,2025-07-10T11:38:52+05:30,automotive,false,66,2.3
Zane Patterson,tschultz@wu.org,716.64,2025-12-29T11:38:52+05:30,toys,true,25,4.3
Barton Hale,stellamay@bartell.io,748.82,2025-11-29T11:38:52+05:30,electronics,false,17,3.5
Dante Whitney,ginahopkins@berge.io,628.20,2026-04-29T11:38:52+05:30,health,true,46,1.2
Kara Cook,juliuschristiansen@roberts.org,503.20,2026-05-18T11:38:52+05:30,food,true,3,4.5
Brando Young,nwyman@king.io,641.10,2024-06-26T11:38:52+05:30,,false,58,3.8
Kaley Jacobson,moses.sandoval8@stevenson.biz,511.22,2025-12-06T11:38:52+05:30,food,true,19,0.6
Marion Hills,phoebe-jacobs@carpenter.biz,675.43,2025-10-09T11:38:52+05:30,books,true,44,3.3
Floyd Schultz,amosreed@maxwell.org,371.18,2025-06-19T11:38:52+05:30,electronics,false,46,2.7
Rose Schuster,arona@elliott.com,428.24,2025-04-18T11:38:52+05:30,furniture,false,14,2.7
Cooper Blake,glenwilkins@herrera.com,676.47,2026-04-04T11:38:52+05:30,health,true,19,1.6
Carson Richardson,marvindaugherty@miller.io,848.32,2025-04-06T11:38:52+05:30,food,true,29,0.7
Chet Willis,dburton@mcclure.info,205.77,2025-07-07T11:38:52+05:30,electronics,true,65,2.0
Lori Blake,ignacio.hubbard@morgan.name,503.28,2026-03-22T11:38:52+05:30,furniture,true,30,0.6
Armand Carpenter,quinn.cummings@fleming.org,77.53,2024-09-25T11:38:52+05:30,furniture,true,24,3.2
Margie Barton,averymason@newman.io,826.80,2025-06-16T11:38:52+05:30,furniture,true,84,0.6
Aliya Wright,inesgraham@campbell.io,296.30,2025-04-27T11:38:52+05:30,garden,false,81,3.6
Clare Douglas,dylanlynch@braun.org,283.85,2026-03-02T11:38:52+05:30,sports,true,3,1.4
Connor Walton,deborahlucas@ford.info,188.38,2025-03-04T11:38:52+05:30,garden,true,38,1.0
Jerome Glover,alberto.herman@peterson.biz,731.57,2026-03-29T11:38:52+05:30,food,true,3,1.3
Jules Marks,robb.cummings@pierce.biz,-576.00,2025-12-27T11:38:52+05:30,sports,true,13,4.7
Charlie Heller,dewayneferguson@wise.info,97.53,2025-10-19T11:38:52+05:30,,true,5,2.2
Althea Stevenson,francescamarshall@sutton.com,781.41,2026-05-24T11:38:52+05:30,furniture,true,30,3.1
Marianne Ritchie,kyram@cartwright.io,646.82,2025-08-14T11:38:52+05:30,garden,true,46,3.8
Gabriel Newton,moniquenguyen@quinn.net,480.27,2026-04-04T11:38:52+05:30,furniture,true,19,3.8
Brando Kling,genesaunders@hopkins.org,289.01,2025-06-23T11:38:52+05:30,food,true,5,0.7
Priscilla Ball,karellev72@knight.net,125.32,2025-09-22T11:38:52+05:30,books,false,47,0.1
Chester Chen,leann.fox@hunter.biz,834.69,2026-06-07T11:38:52+05:30,food,true,46,4.9
Dion Oliver,gunner_jordan@valdez.org,188.46,2026-01-25T11:38:52+05:30,clothing,true,31,5.0
Melvin Dean,awilliams@daniel.name,292.27,2026-05-09T11:38:52+05:30,health,false,12,2.8
Clyde Thiel,elamb@mills.name,711.02,2024-12-05T11:38:52+05:30,furniture,true,74,4.7
Boris Daugherty,crawforddavis@weber.net,325.65,2025-06-13T11:38:52+05:30,health,false,39,3.8
Brady Tran,dwebster@gross.io,938.04,2026-02-24T11:38:52+05:30,electronics,true,54,1.8
Dan Lang,pamelacooper@fernandez.info,479.39,2025-05-13T11:38:52+05:30,sports,true,43,4.3
Garth Cronin,gideonbanks@young.org,889.80,2025-01-20T11:38:52+05:30,clothing,true,82,1.3
Josue Smith,creese@strong.com,256.09,2025-02-27T11:38:52+05:30,automotive,true,32,1.5
Carlee Gordon,dimitrifreeman@rosenbaum.name,325.20,2024-07-22T11:38:52+05:30,sports,true,19,4.6
Clifton Barton,stephenkessler@davis.net,60.47,2026-02-13T11:38:52+05:30,health,false,48,2.7
Charlene Goodwin,jairo-owen@webb.biz,595.52,2026-04-21T11:38:52+05:30,clothing,true,45,2.1
Mae Gerhold,jackhahn@mcdermott.net,995.72,2026-02-05T11:38:52+05:30,furniture,true,76,3.4
Erin Bergstrom,forrest.hicks@martin.info,171.52,2024-09-27T11:38:52+05:30,toys,true,16,4.7
Howard Campbell,alphonso.harper@glenn.biz,617.40,2024-10-21T11:38:52+05:30,furniture,false,13,1.4
Celestine Schmidt,janapayne@quigley.info,619.35,2025-12-28T11:38:52+05:30,garden,false,24,3.8
Max Herman,octaviam@bird.biz,696.66,2025-11-19T11:38:52+05:30,electronics,true,53,2.3
Harry Smith,victoria_jensen@chen.info,875.31,2024-08-28T11:38:52+05:30,electronics,true,66,4.3
Kenya Pearson,kathleen_gibson@douglas.org,697.16,2024-10-04T11:38:52+05:30,health,true,43,4.3
Darian Ramirez,angus.woods@kling.com,265.35,2026-06-05T11:38:52+05:30,food,true,2,3.9
Vicente Nichols,joany.weaver@summers.biz,400.61,2025-10-19T11:38:52+05:30,clothing,true,88,3.5
Willa Stone,ekeller@barton.io,337.25,2025-11-01T11:38:52+05:30,furniture,true,80,2.6
Rafaela Lamb,mona.stephens@bayer.com,577.69,2025-12-02T11:38:52+05:30,books,true,46,3.2
Robbie Dunn,hollisgerhold@green.com,110.39,2024-11-12T11:38:52+05:30,books,true,16,1.9
Beau Wagner,charlie_wall@holland.com,633.01,2026-04-14T11:38:52+05:30,books,true,32,0.5
Maxine Yates,charlene_lee@bell.name,408.23,2025-10-16T11:38:52+05:30,garden,false,81,2.0
Declan Montgomery,kenneth.mitchell@leffler.org,395.43,2024-08-01T11:38:52+05:30,garden,true,26,3.4
Kaleb Nelson,janicevelazquez@purdy.net,60.20,2025-12-15T11:38:52+05:30,sports,false,92,2.6
Jackson Braun,efarrell@sparks.biz,835.42,2025-12-10T11:38:52+05:30,garden,false,61,0.3
Janelle Valencia,delaney.cooper@davis.biz,88.79,2025-11-22T11:38:52+05:30,sports,true,27,2.6
Carlee Henderson,hildamorgan13@gomez.name,933.45,2024-08-19T11:38:52+05:30,electronics,true,27,4.8
Wayne Evans,christiana.johnson76@gottlieb.info,182.31,2024-11-06T11:38:52+05:30,electronics,true,56,2.9
Daren Perry,garlandwilliams44@flores.org,194.54,2026-02-07T11:38:52+05:30,books,false,51,1.2
Mabel Snyder,benjaminhermann@welch.org,316.37,2026-03-19T11:38:52+05:30,furniture,false,82,2.2
Genesis Feeney,blaisecole@thomas.net,518.18,2025-08-28T11:38:52+05:30,automotive,true,9,3.3
Terry Gross,fredagrant@robbins.net,607.42,2026-06-01T11:38:52+05:30,garden,true,96,4.1
Sammy Cunningham,iancasper@hill.com,689.86,2025-08-07T11:38:52+05:30,clothing,false,98,0.8
Breana Wilson,jwilkins@casper.org,889.82,2025-11-22T11:38:52+05:30,sports,true,28,2.9
Diego Graves,francestodd@yang.name,154.70,2024-10-01T11:38:52+05:30,books,true,27,1.6
Bo Brekke,heath_velazquez@medina.io,653.25,2026-05-03T11:38:52+05:30,electronics,true,43,1.3
Madelyn Beahan,adrian.allen@barker.name,789.82,2026-02-14T11:38:52+05:30,furniture,true,35,0.3
Cary Joseph,garrickgoldner@owen.com,942.93,2025-03-07T11:38:52+05:30,clothing,true,40,3.7
Casey Donnelly,camilabailey@cormier.org,982.58,2026-01-12T11:38:52+05:30,toys,false,21,4.6
Jonas Holmes,jjohnson@henry.biz,223.96,2026-01-08T11:38:52+05:30,sports,true,85,0.7
Esmeralda Friesen,delores.fuller@koch.net,293.13,2024-08-21T11:38:52+05:30,health,true,72,2.7
Eloise Jensen,alden.zamora@fisher.info,526.46,2024-07-13T11:38:52+05:30,health,true,48,0.4
Alberto Christiansen,kpatterson@love.com,335.86,2024-12-09T11:38:52+05:30,books,true,85,1.2
Brennon Kuhn,carolinagomez@higgins.io,28.88,2025-06-02T11:38:52+05:30,electronics,true,29,5.0
Kristin Robbins,colbyrice4@payne.info,249.36,2026-03-24T11:38:52+05:30,furniture,true,7,4.7
Alysson Valdez,not-an-email,28.30,2025-12-02T11:38:52+05:30,garden,false,79,4.0
Emerson Sharp,econroy79@nguyen.net,728.19,2024-07-07T11:38:52+05:30,books,true,50,1.8
Amir Glenn,corrine_yost@gibson.org,548.77,2024-09-22T11:38:52+05:30,health,true,45,1.8
Forrest Russell,ezequiel_holt@schaefer.biz,558.72,2025-04-09T11:38:52+05:30,toys,true,76,3.1
Jody Gill,angiejohnston@little.name,96.13,2025-09-16T11:38:52+05:30,food,false,29,4.6
Mariana Hamilton,leonardwalters@moreno.net,799.29,2025-01-09T11:38:52+05:30,automotive,true,66,1.4
Jeff Larkin,connergrant@dickinson.io,991.54,2025-04-29T11:38:52+05:30,sports,false,30,3.0
Nathaniel Vaughn,evelyn.gill@wilkins.com,918.73,2025-03-31T11:38:52+05:30,toys,true,44,4.9
Camren Lucas,edison_stokes@vega.name,763.15,2025-05-26T11:38:52+05:30,garden,true,29,4.4
Aron Butler,roxannekelly@terry.net,411.68,2025-12-14T11:38:52+05:30,garden,true,8,2.4
Philip Schaefer,audreyg@rutherford.name,286.21,2024-12-15T11:38:52+05:30,sports,true,100,3.5
Elisabeth Turner,carrolllind@lewis.name,792.39,2024-07-24T11:38:52+05:30,health,true,2,3.6
Allison Mertz,alyssonlang@jacobi.name,679.18,2025-05-03T11:38:52+05:30,food,false,48,3.2
Ali Osinski,letamendez@graves.org,94.69,2024-10-28T11:38:52+05:30,clothing,true,17,3.4
Dianna Rivera,astanton@nguyen.com,878.98,2024-10-16T11:38:52+05:30,sports,true,57,4.2
Savanna Reed,gloriapayne@porter.net,697.50,2025-10-24T11:38:52+05:30,automotive,true,79,4.4
Victoria Satterfield,moshe-cartwright@hanson.info,199.57,2025-10-25T11:38:52+05:30,health,true,3,1.3
Victor Gottlieb,alivia-lindgren@richards.org,530.56,2025-10-13T11:38:52+05:30,books,true,71,4.3
Gordon Yost,sidney-harper@brady.info,393.88,2025-02-24T11:38:52+05:30,toys,true,17,5.0
Edwina Rutherford,sebastianbutler2@wolfe.name,147.91,2025-01-05T11:38:52+05:30,electronics,true,17,0.9
Krista Ramsey,mchen@bayer.biz,258.86,2025-11-15T11:38:52+05:30,electronics,true,53,3.7
Carole Harrington,kiara-wong@hermann.io,519.63,2024-12-12T11:38:52+05:30,garden,true,20,3.9
Cornelius Hernandez,linareid@carr.net,35.43,2025-05-28T11:38:52+05:30,books,true,27,2.9
Ryan Ortega,awebb@rowe.com,755.77,2025-05-01T11:38:52+05:30,electronics,false,100,3.4
Austin Wilson,robbiecraig@reyes.io,515.04,2026-04-27T11:38:52+05:30,toys,false,76,3.3
Jessie Mendez,gayle.raynor@peterson.biz,17.84,2026-03-23T11:38:52+05:30,automotive,false,85,3.6
Adelia Bergstrom,reggie-george@rivera.org,102.44,2026-06-17T11:38:52+05:30,health,true,15,0.2
Elise Barnett,mbarker@fox.net,66.20,2025-05-25T11:38:52+05:30,food,false,83,3.5
Mallory Wilson,dfranklin@bernhard.net,633.78,2025-12-08T11:38:52+05:30,electronics,false,37,5.0
Moises Lawrence,henrywilliamson@coleman.info,903.60,2026-04-29T11:38:52+05:30,food,false,29,0.1
Alvena Lin,diamondfoster@simpson.com,862.90,2024-09-18T11:38:52+05:30,health,true,60,4.8
Jude Atkins,jarred.zimmerman@hermann.name,187.43,2025-06-04T11:38:52+05:30,sports,true,91,0.7
Tina Spencer,myrnahubbard@klein.biz,874.99,2024-12-20T11:38:52+05:30,sports,true,21,4.0
Hiram Deckow,caleb.lyons@wallace.name,823.66,2025-02-22T11:38:52+05:30,electronics,true,41,4.0
Marlee Berge,alfonso-taylor@hopkins.net,282.45,2025-04-06T11:38:52+05:30,toys,true,64,0.1
Ricky White,cameronabshire@harper.io,476.86,2025-06-12T11:38:52+05:30,sports,true,44,0.3
Chloe Guzman,mabelsimmons@spencer.com,430.33,2025-09-24T11:38:52+05:30,food,true,35,4.8
Anita Hopkins,blanca_lawrence@wong.name,724.99,2026-01-24T11:38:52+05:30,books,false,19,2.9
Charlene Newman,klowe@hubbard.biz,669.30,2026-03-12T11:38:52+05:30,food,false,43,0.4
Noel Baldwin,russell-daniels@bergstrom.com,865.71,2024-11-05T11:38:52+05:30,health,true,1,4.4
Maeve Gordon,lawson.woods@casper.net,439.30,2025-07-04T11:38:52+05:30,furniture,true,2,2.0
Jonas King,kaileyh@sanders.io,823.03,2024-07-25T11:38:52+05:30,toys,true,68,3.3
Bernadette Morgan,bessiewelch@koch.info,728.11,2026-06-04T11:38:52+05:30,toys,false,54,3.8
Ayden Nguyen,hollisrobbins@kelly.com,792.18,2025-06-08T11:38:52+05:30,clothing,true,9,3.8
Ezequiel Mills,sabinajacobs@rath.io,591.72,2026-04-28T11:38:52+05:30,health,true,25,4.6
Mabel Evans,douglasmartin@rose.biz,284.36,2026-05-16T11:38:52+05:30,toys,true,25,4.0
Rosa Harvey,laneyshields@maxwell.biz,854.05,2026-04-10T11:38:52+05:30,furniture,true,39,1.9
Arnold Moore,abigayle.considine@ryan.io,324.34,2026-06-15T11:38:52+05:30,automotive,true,45,4.3
Aletha Fleming,tomas_hill4@craig.io,187.15,2026-01-13T11:38:52+05:30,toys,true,31,2.9
Earl Gill,glen.ortega@stevens.name,983.65,2025-08-20T11:38:52+05:30,sports,true,30,0.9
Kris Robinson,brookswalsh@wheeler.com,5.15,2025-02-10T11:38:52+05:30,clothing,true,16,4.1
Jairo Villarreal,adeline.payne@duncan.name,99.86,2024-08-19T11:38:52+05:30,electronics,true,65,2.3
Rocky Ruiz,not-an-email,760.81,2024-06-26T11:38:52+05:30,toys,true,75,2.1
Kade Gordon,cali.dietrich76@adams.name,382.22,2026-03-22T11:38:52+05:30,furniture,false,60,0.7
Paul Banks,darlene.lewis@perez.name,183.68,not-a-date,automotive,true,28,0.1
Concepcion Welch,dmorris@wade.org,444.52,2025-01-06T11:38:52+05:30,furniture,true,42,2.5
Dariana Dietrich,emery.frazier@james.net,383.10,2026-01-29T11:38:52+05:30,toys,true,78,2.3
Chloe Lynch,rowangrimes96@lang.name,150.39,2025-07-18T11:38:52+05:30,toys,true,94,0.4
Claudia Shields,nashfoster@banks.name,123.24,2024-10-12T11:38:52+05:30,toys,false,38,1.6
Marta Herrera,griffinpowell@walter.info,166.78,2024-12-10T11:38:52+05:30,sports,true,56,1.2
Lawson Haley,tiffany.sutton@soto.name,483.54,2024-12-15T11:38:52+05:30,toys,false,94,3.9
Carolina Casper,garrisonwebster@gottlieb.info,197.61,2024-11-20T11:38:52+05:30,clothing,false,100,3.1
Imani Wolf,alyons@braun.info,628.24,2024-07-24T11:38:52+05:30,books,true,44,0.8
Anthony Ortiz,conner.ball@cartwright.org,869.00,2025-05-23T11:38:52+05:30,food,true,79,1.0
Priscilla Kim,johnny.bennett@morgan.com,154.33,2024-12-02T11:38:52+05:30,garden,true,98,1.4
Cullen Li,jjohnston@carter.name,365.04,2026-02-01T11:38:52+05:30,toys,true,29,1.2
Nellie Williams,blair.mayer@jacobi.com,984.79,2026-02-15T11:38:52+05:30,books,true,16,1.5
Jon Schultz,bonnierivera@sauer.org,741.93,2025-10-27T11:38:52+05:30,garden,false,96,1.4
Helen Cook,sage.terry@doyle.net,192.13,2025-06-22T11:38:52+05:30,food,true,44,0.8
Leonard Hawkins,macgoodwin@garcia.info,561.49,2024-10-04T11:38:52+05:30,clothing,false,8,2.1
Caesar Rivera,kailey.cartwright@mcdermott.org,69.74,2025-10-17T11:38:52+05:30,clothing,true,98,2.0
Keith Franklin,roxanehammond@mccullough.com,582.97,2026-04-26T11:38:52+05:30,garden,false,52,3.4
Rae Newton,mara-spencer@grimes.biz,154.89,2026-05-11T11:38:52+05:30,furniture,true,7,0.7
Bethany Webster,maxime.barrows@meyer.biz,360.17,2026-03-20T11:38:52+05:30,garden,true,21,1.8
Catherine Foster,emmanuel.grant@goodwin.com,383.95,2026-05-03T11:38:52+05:30,health,true,23,1.3
Lane Gomez,emmie_west@wolfe.org,201.57,2025-02-24T11:38:52+05:30,electronics,true,74,3.8
Coty Santiago,carliewilcox9@auer.net,891.21,2025-01-15T11:38:52+05:30,sports,true,60,0.9
Ernest Vasquez,luthergarcia@adams.biz,893.42,2025-10-17T11:38:52+05:30,electronics,true,19,3.6
Joanny Marks,margot-grady@ramirez.info,450.56,2025-07-05T11:38:52+05:30,automotive,true,58,2.9
Jessie McClure,caleigh-brown@cruz.org,548.66,2024-08-28T11:38:52+05:30,sports,true,76,4.5
Christina Olson,alliemaldonado@glover.info,327.95,2025-02-25T11:38:52+05:30,health,true,56,0.6
Marie Kennedy,amueller@warren.com,621.65,2026-03-25T11:38:52+05:30,health,true,53,0.8
Helen Howell,garrettsilva@schaefer.net,66.67,2024-08-04T11:38:52+05:30,automotive,true,71,3.8
Buster Butler,montel@barber.net,311.80,2025-02-04T11:38:52+05:30,garden,true,87,3.5
Bennett Cox,raymond_ramos@hills.info,907.25,2026-01-30T11:38:52+05:30,furniture,true,55,2.7
Mariah Newton,coby.hill@whitney.info,769.67,2025-01-09T11:38:52+05:30,automotive,true,38,2.2
Julius Marquardt,craigc@kelly.org,247.66,2026-01-29T11:38:52+05:30,health,true,70,2.3
Timothy Thornton,elise.watson@horton.net,680.55,2025-01-13T11:38:52+05:30,health,true,68,2.7
Kariane Miller,enochbrown@hopkins.com,992.73,2025-12-26T11:38:52+05:30,furniture,false,59,0.7
Jody Lane,garrett-butler@fisher.info,538.91,2025-11-26T11:38:52+05:30,books,true,81,2.3
Amiya Bergstrom,brendongislason@guzman.net,948.40,2026-04-05T11:38:52+05:30,toys,true,33,2.3
Chet Paul,mmoreno@wiggins.info,440.11,2025-09-17T11:38:52+05:30,electronics,true,72,0.4
Hazel Schiller,elyseg@gray.name,941.26,2025-10-01T11:38:52+05:30,automotive,true,63,0.2
Gideon Nash,marciajensen15@clay.info,264.44,2025-07-23T11:38:52+05:30,health,true,74,2.3
Daryl Sanders,arvelgislason@hansen.org,281.02,2024-11-21T11:38:52+05:30,,true,57,1.5
Elisabeth Carroll,quinn.atkinson6@shelton.com,558.36,2025-07-28T11:38:52+05:30,sports,true,24,4.4
Jalen Powers,sethjimenez@miles.io,296.31,2024-10-29T11:38:52+05:30,sports,true,70,4.5
Avis Reilly,paulinev@herrera.biz,555.63,2026-01-08T11:38:52+05:30,furniture,true,34,5.0
Octavia Daniels,felicityholland@jenkins.net,404.35,2025-03-31T11:38:52+05:30,health,true,24,5.0
Darian Bird,claudiaklein@lambert.com,940.70,2025-01-22T11:38:52+05:30,food,false,21,1.9
Anita Nichols,chancesherman@davis.com,211.53,2026-04-26T11:38:52+05:30,food,true,17,1.3
Haylee Wall,lowellg@burns.com,935.32,2024-07-25T11:38:52+05:30,food,true,2,4.1
Chaim Horton,kalliefoster@peters.org,914.99,2025-01-17T11:38:52+05:30,furniture,true,9,2.4
Jacklyn Stone,abbie.collins@armstrong.io,186.62,2026-02-03T11:38:52+05:30,electronics,true,31,4.6
Damion Wall,hardy.marks@watkins.com,106.83,2026-03-28T11:38:52+05:30,garden,true,51,0.2
Lewis Pena,lane.walter@powers.io,692.69,2026-04-07T11:38:52+05:30,sports,true,6,1.7
Dane Harvey,bertf@garrison.com,958.32,2025-02-05T11:38:52+05:30,food,true,35,2.6
Lina Collins,aronharvey89@wiley.name,999.51,2025-03-14T11:38:52+05:30,clothing,true,78,0.9
Harvey Marvin,alyce-schaefer@garcia.com,788.98,2025-10-29T11:38:52+05:30,health,false,98,3.7
Brock Norman,shanson@rath.com,548.62,2026-01-14T11:38:52+05:30,furniture,true,100,0.8
Celine Terry,damarisruiz@green.io,933.75,2025-01-05T11:38:52+05:30,garden,true,83,2.0
Cassidy Herzog,haleyramsey@robbins.biz,847.93,2024-08-11T11:38:52+05:30,health,false,53,3.1
Miguel Fields,melissag@jimenez.name,571.60,2025-10-05T11:38:52+05:30,electronics,true,98,4.3
Marianne Hills,gwenhorton7@hartmann.biz,137.86,2026-03-18T11:38:52+05:30,health,true,8,3.8
Heather Watkins,cordia.phillips@martinez.com,49.58,2024-09-18T11:38:52+05:30,toys,true,79,2.6
Kendra Herrera,marjoriearmstrong@marsh.biz,712.10,2026-05-02T11:38:52+05:30,automotive,true,13,2.3
Muriel Mills,richietodd@medina.io,336.33,2024-12-17T11:38:52+05:30,health,true,36,4.7
Myron Reynolds,sandy.washington@lane.io,123.65,2024-08-13T11:38:52+05:30,garden,true,26,3.3
Carlo Lane,alysson.nichols@perkins.info,483.69,2026-03-12T11:38:52+05:30,health,true,41,2.1
Bella Garrison,courtneycasper@mitchell.io,882.45,2024-06-25T11:38:52+05:30,electronics,false,46,2.9
Gilberto Nolan,anna_hart@wyman.name,708.25,2026-04-05T11:38:52+05:30,sports,true,16,0.8
Brett Davis,lloyd.jacobson@sauer.name,458.93,2025-08-20T11:38:52+05:30,automotive,true,4,4.8
Lynn Kennedy,carole_goldner@brooks.org,230.98,2024-08-02T11:38:52+05:30,health,true,78,4.8
Juliet Schuster,smueller@gross.com,601.10,2026-05-21T11:38:52+05:30,furniture,true,15,4.5
Kristina Abshire,jennieo@morales.org,266.81,2026-06-03T11:38:52+05:30,electronics,true,37,3.9
Paige Larson,polly-rowe@williamson.biz,755.04,not-a-date,automotive,false,33,1.9
Lea Shelton,bwilcox@todd.biz,194.90,2025-07-17T11:38:52+05:30,garden,true,76,3.9
Johnathon Sherman,sophiagerhold@oliver.io,976.55,2025-11-12T11:38:52+05:30,clothing,true,1,1.6
Chance Brown,garretts66@price.net,920.84,2026-06-16T11:38:52+05:30,furniture,true,64,4.1
Claudine Zamora,pnguyen@howard.org,480.95,2025-12-31T11:38:52+05:30,clothing,true,34,3.7
Cooper Perkins,fhiggins@donnelly.com,483.99,2025-04-04T11:38:52+05:30,sports,true,95,1.8
Ayana Ross,croberts@black.info,829.65,2024-06-19T11:38:52+05:30,health,true,94,2.5
Hilda Frazier,acooper@wolf.io,139.28,2024-09-16T11:38:52+05:30,electronics,false,25,2.7
Jameson Lind,arnulfo_jones@zamora.io,985.79,2024-09-30T11:38:52+05:30,furniture,true,95,3.6
Julian Waters,kendrick_kim@hamilton.biz,554.89,2024-12-10T11:38:52+05:30,automotive,true,83,1.8
Alicia Bennett,dhoffman@ramos.com,809.64,2025-08-20T11:38:52+05:30,food,true,51,0.8
Buster Nolan,ines-ross@townsend.name,996.80,2025-09-23T11:38:52+05:30,food,false,75,1.6
Kayleigh Kessler,seanlang@williamson.com,260.92,2024-12-18T11:38:52+05:30,automotive,false,7,1.6
Bernie Fernandez,camillathomas45@barber.biz,835.31,2025-09-30T11:38:52+05:30,toys,true,35,3.9
Isabella Nicolas,kurt.mitchell7@riley.io,118.61,2025-04-18T11:38:52+05:30,electronics,true,77,4.3
Kiera Harris,ashton.bernhard@simpson.io,938.65,2025-08-22T11:38:52+05:30,food,true,6,2.1
Brooklyn Wade,lisettegordon@cormier.com,928.78,2024-11-07T11:38:52+05:30,clothing,true,78,0.6
Mandy Jacobi,alessandrac@singh.info,402.85,2025-01-07T11:38:52+05:30,sports,true,58,4.4
Devon Santos,albertol@hudson.net,39.63,2024-07-11T11:38:52+05:30,garden,true,41,4.4
Charlotte Franklin,jaron.valdez@owen.info,873.51,2025-03-08T11:38:52+05:30,health,true,94,3.3
Jason Quinn,sethwalker@murray.io,415.79,2025-12-19T11:38:52+05:30,clothing,false,6,0.1
Allene Singleton,tyler-glover@wolfe.com,932.52,2026-03-09T11:38:52+05:30,toys,true,16,0.6
Angela Schaefer,virginia.wolff@schroeder.info,94.09,2025-08-26T11:38:52+05:30,clothing,true,1,3.8
Edmond Matthews,krispaul@keller.com,700.74,2025-01-16T11:38:52+05:30,books,true,35,4.5
Faye Lopez,carson_dixon87@dietrich.net,690.66,2024-06-28T11:38:52+05:30,sports,true,20,2.0
Kaitlin Cartwright,estherfletcher@gardner.net,910.28,2025-10-22T11:38:52+05:30,sports,true,66,0.7
Emma Adams,bfrazier@fuller.name,277.44,2026-06-17T11:38:52+05:30,sports,false,99,4.9
Jose Baldwin,not-an-email,783.92,2024-11-11T11:38:52+05:30,sports,true,17,4.1
Lydia Franklin,roycegoldner@harper.net,388.59,2025-02-15T11:38:52+05:30,books,true,9,2.0
Jeffery May,stella.heller@flores.name,46.62,not-a-date,automotive,true,42,2.5
Deborah Bernhard,dovie.wilkinson@mcclure.name,314.14,2026-04-18T11:38:52+05:30,toys,true,11,2.5
Jamaal Paul,josie.swift@harrison.net,372.31,2025-01-25T11:38:52+05:30,garden,true,68,1.8
